row_id,order_id,created_at,item_id,quantity,cust_id,delivery,add_id
1,8f092ddb,2025-01-09 06:57:02,723,4,53,False,709
2,4b766cb0,2025-01-01 01:12:05,841,2,275,True,409
3,472d5d84,2025-01-07 10:45:52,769,2,355,False,849
4,6e68c25d,2025-01-04 08:32:00,218,5,390,True,405
5,a08c264d,2025-01-04 00:54:29,520,4,440,True,255
6,f2b37cea,2025-01-09 18:36:11,622,4,873,False,539
7,0d3a704b,2025-01-09 09:29:43,412,4,720,False,339
8,cd7f2dd9,2025-01-05 18:14:39,907,2,478,True,265
9,e002ad01,2025-01-03 10:30:21,338,5,614,True,4
10,005dbe99,2025-01-05 19:16:19,81,1,525,False,396
11,4e413633,2025-01-05 13:26:19,280,2,158,False,586
12,db8baaf5,2025-01-10 03:32:44,513,1,279,True,948
13,80e1ea59,2025-01-04 12:53:42,252,2,716,True,725
14,b6446b90,2025-01-03 15:14:23,295,3,654,False,530
15,16054acb,2025-01-05 05:17:27,328,1,467,False,506
16,4cbe2548,2025-01-04 12:43:32,785,5,184,False,216
17,fbaea0d8,2025-01-08 12:48:32,209,3,372,False,722
18,62003fd6,2025-01-10 13:49:54,783,4,697,False,420
19,3242d096,2025-01-04 13:30:31,933,3,108,False,90
20,a5499f39,2025-01-06 12:15:14,194,1,397,True,684
21,a95bdc5c,2025-01-05 16:34:12,213,1,150,True,684
22,a5dcc956,2025-01-03 18:40:57,216,4,273,False,729
23,73201cef,2025-01-04 20:16:38,243,3,60,False,892
24,3d787829,2025-01-06 05:03:14,870,5,237,True,813
25,9d13a8b8,2025-01-03 06:12:36,40,2,913,True,257
26,2fe49f7d,2025-01-03 06:20:40,257,2,964,True,378
27,1e6541a8,2025-01-06 00:52:49,988,1,540,True,399
28,79233afa,2025-01-01 14:26:28,785,4,341,False,634
29,bef3c6ad,2025-01-06 08:40:42,797,3,994,True,185
30,c701ed69,2025-01-09 01:01:53,451,5,282,False,469
31,ac1512dd,2025-01-08 02:22:03,371,5,38,True,780
32,d61f34bf,2025-01-10 07:38:16,572,2,195,True,39
33,e8db6815,2025-01-08 05:57:10,167,5,177,True,240
34,7fa5cdc0,2025-01-01 17:15:26,355,2,425,False,610
35,96f99a93,2025-01-10 07:42:11,456,2,67,False,216
36,7d33d7b7,2025-01-09 22:27:28,523,5,588,True,609
37,5170dc1a,2025-01-01 17:47:28,683,5,505,True,515
38,9ab40024,2025-01-05 23:58:23,190,1,135,False,628
39,8f9829e5,2025-01-08 03:06:58,511,3,484,False,567
40,ab8cc594,2025-01-09 00:03:25,1,3,935,False,796
41,54449fe8,2025-01-07 23:08:07,352,5,845,True,930
42,1fd77ecc,2025-01-02 10:18:02,673,1,300,False,957
43,123db493,2025-01-08 08:11:00,411,3,541,False,294
44,2a20bfdc,2025-01-02 07:20:53,127,5,724,False,851
45,11a78857,2025-01-06 14:41:55,669,2,447,True,465
46,13b999b7,2025-01-01 19:30:18,424,3,446,True,81
47,701347f1,2025-01-07 13:22:30,952,4,515,True,797
48,059d27ca,2025-01-08 03:30:13,751,3,355,True,383
49,9c5f6fcd,2025-01-04 22:58:27,707,5,75,True,63
50,1b844b75,2025-01-01 13:05:09,19,1,701,True,436
51,54970d18,2025-01-06 15:43:18,501,1,447,False,754
52,77ea05dd,2025-01-04 23:07:45,731,2,989,False,249
53,273122cc,2025-01-07 23:37:28,142,2,188,True,55
54,b402c883,2025-01-02 11:26:54,927,3,560,False,409
55,1b1c2b48,2025-01-01 22:54:18,453,3,568,False,30
56,64651742,2025-01-07 20:06:01,593,2,608,False,224
57,ebd274c3,2025-01-03 15:20:02,994,3,495,False,411
58,a3c3c520,2025-01-08 14:59:45,745,5,800,True,52
59,3d59d355,2025-01-01 11:01:52,397,3,413,True,261
60,55aac247,2025-01-04 06:50:26,235,4,788,True,918
61,38a11842,2025-01-08 20:25:31,937,2,563,True,822
62,0a70790d,2025-01-07 05:04:07,690,2,299,False,609
63,99a4a58d,2025-01-02 05:24:57,319,5,615,False,509
64,273c7c8d,2025-01-01 05:57:27,717,5,702,True,463
65,9208122e,2025-01-08 05:22:36,167,3,975,True,170
66,cfee43b4,2025-01-01 06:20:37,32,4,992,True,11
67,f3353aa6,2025-01-09 06:31:10,56,2,341,True,275
68,b7085d3a,2025-01-10 16:45:47,99,4,692,False,330
69,3887b8f1,2025-01-05 22:22:53,291,2,804,True,447
70,7e2f8669,2025-01-03 02:24:58,610,5,547,False,35
71,22d6c588,2025-01-08 13:09:40,928,3,819,False,522
72,47311b78,2025-01-01 09:23:58,4,1,58,True,596
73,c0d16209,2025-01-08 20:17:51,173,3,81,False,55
74,12a638d6,2025-01-01 04:52:14,831,4,318,False,519
75,e02bede8,2025-01-07 06:00:58,267,5,959,False,295
76,343b693a,2025-01-05 23:04:15,276,1,303,False,51
77,5386a96c,2025-01-02 13:54:59,461,4,774,False,655
78,c57494a9,2025-01-07 20:35:32,536,3,563,True,776
79,3741ef8e,2025-01-08 08:31:07,234,1,811,False,897
80,4e2f8c4a,2025-01-01 14:03:40,122,4,811,True,978
81,1f3e29b4,2025-01-03 18:47:06,970,2,687,False,847
82,27dbb963,2025-01-04 16:13:26,165,4,614,False,841
83,5ccf4561,2025-01-02 08:37:55,954,2,784,True,835
84,90a4159e,2025-01-10 08:18:41,159,3,907,False,790
85,bff3aa9e,2025-01-06 09:38:41,364,2,464,True,10
86,cf4db2c5,2025-01-09 00:08:48,543,1,269,True,577
87,589ac300,2025-01-01 23:15:16,37,4,472,True,610
88,d251e529,2025-01-06 06:47:42,789,1,115,False,847
89,8d825e03,2025-01-06 22:09:59,86,2,51,False,210
90,dab25098,2025-01-06 08:15:14,825,3,950,False,928
91,330cd728,2025-01-05 12:05:43,411,3,465,True,422
92,864f0381,2025-01-05 10:46:31,635,1,197,False,509
93,3cba2b35,2025-01-03 14:12:58,581,5,67,True,589
94,6753220f,2025-01-01 09:08:15,344,2,961,True,888
95,e0f91067,2025-01-07 17:05:56,76,2,919,True,292
96,5f308e53,2025-01-04 21:37:29,756,2,830,False,708
97,0458cb67,2025-01-09 22:39:27,930,5,194,True,373
98,f10d1833,2025-01-06 07:58:42,853,4,653,True,324
99,e99f29c6,2025-01-03 14:45:44,276,5,853,True,111
100,b5f236e2,2025-01-09 14:20:07,146,3,77,True,940
101,d57deaac,2025-01-03 17:56:38,782,5,348,True,741
102,1b761b44,2025-01-06 14:36:22,719,1,417,False,995
103,1de36433,2025-01-06 08:56:28,226,1,14,False,686
104,d34aed47,2025-01-07 00:59:05,205,2,547,True,596
105,70fece2c,2025-01-01 13:12:07,740,3,673,False,449
106,695f018a,2025-01-03 04:43:26,707,4,486,False,429
107,d163bfbe,2025-01-03 18:37:29,482,2,138,True,440
108,f36b1b80,2025-01-04 00:23:31,694,3,125,False,722
109,895e3990,2025-01-04 00:05:39,365,4,285,False,777
110,ceed1cee,2025-01-09 12:54:54,431,2,673,False,199
111,8d7c3265,2025-01-08 06:41:43,296,1,885,True,815
112,7c9a2acb,2025-01-01 08:00:01,341,2,262,True,902
113,24358a5f,2025-01-10 18:48:00,363,1,730,True,926
114,872154b9,2025-01-08 18:38:22,745,3,854,False,908
115,6a6be7ca,2025-01-10 00:38:38,719,2,305,False,182
116,2613265a,2025-01-04 04:50:03,704,1,914,False,811
117,7e977340,2025-01-08 17:27:56,914,3,538,True,831
118,4dad4c70,2025-01-07 21:35:19,315,4,283,True,1000
119,8676fd16,2025-01-01 02:41:53,599,1,744,False,987
120,da33205d,2025-01-02 04:20:32,758,1,621,False,4
121,9d89247d,2025-01-03 14:50:04,877,2,510,True,934
122,8679247c,2025-01-05 13:19:24,176,3,679,False,717
123,7076f9d7,2025-01-05 18:45:08,64,4,158,False,497
124,16ffc200,2025-01-08 04:30:55,345,5,259,True,330
125,8d17e579,2025-01-09 00:02:55,906,5,378,False,994
126,404a2be7,2025-01-04 01:10:12,479,2,120,True,58
127,4804e38d,2025-01-10 14:56:20,506,1,725,True,232
128,77f450cf,2025-01-08 16:14:34,661,3,520,False,47
129,7c01f48d,2025-01-08 04:17:36,416,3,214,False,985
130,973a70ff,2025-01-07 00:47:54,37,2,702,True,367
131,690f777e,2025-01-06 10:59:46,193,5,804,True,848
132,3e44d24b,2025-01-10 00:06:36,980,4,368,False,464
133,37ea89a5,2025-01-01 06:21:06,385,5,879,False,320
134,aa460b8f,2025-01-04 12:30:05,530,2,298,False,112
135,5490b06d,2025-01-06 02:42:00,143,5,693,True,554
136,5c828761,2025-01-01 13:13:54,286,1,108,True,119
137,a20e27ce,2025-01-03 20:14:14,780,5,218,False,161
138,3e182e43,2025-01-02 09:49:36,507,4,113,True,300
139,846ef496,2025-01-03 17:26:50,679,1,500,False,823
140,08c69501,2025-01-05 00:33:01,842,4,981,False,447
141,6870da2f,2025-01-02 01:02:08,753,4,550,True,29
142,6ae48193,2025-01-04 01:23:19,539,2,234,True,732
143,70f66172,2025-01-05 13:12:08,876,4,366,False,709
144,6e07dc5a,2025-01-02 12:34:25,438,1,854,True,163
145,efd890bc,2025-01-05 11:13:10,714,4,73,False,36
146,e331b6c7,2025-01-07 04:59:03,731,5,258,True,485
147,9fcdc653,2025-01-08 14:38:11,529,1,509,True,917
148,7c052e04,2025-01-06 15:13:53,988,1,616,False,820
149,a28e8982,2025-01-10 11:59:43,606,2,377,True,761
150,c0a7bb57,2025-01-10 03:12:39,703,4,330,False,196
151,bcd2a7b2,2025-01-02 14:43:37,457,1,14,True,796
152,1505cc7f,2025-01-05 12:48:17,21,3,880,False,279
153,529c5dfe,2025-01-04 13:46:52,442,3,229,True,373
154,e0be13b4,2025-01-02 10:41:53,245,3,619,False,627
155,03c38f6a,2025-01-02 15:04:21,575,3,392,False,96
156,eb9726f7,2025-01-02 13:29:27,537,3,763,True,420
157,742ff699,2025-01-05 19:50:33,230,4,800,True,288
158,a071b430,2025-01-02 11:45:05,823,4,580,True,808
159,715d80bd,2025-01-03 16:52:19,997,3,497,False,904
160,c2309a28,2025-01-07 04:24:07,507,2,692,False,909
161,0fb29951,2025-01-01 04:33:22,873,4,243,False,892
162,ee773db4,2025-01-08 19:36:48,146,4,584,True,20
163,d6692b0d,2025-01-09 06:26:08,245,3,220,True,320
164,482f5dfa,2025-01-07 22:52:01,947,4,792,True,774
165,40e41a93,2025-01-01 18:47:27,726,4,529,True,940
166,522d1491,2025-01-01 17:41:02,296,4,619,True,828
167,2bc06bb5,2025-01-03 01:24:12,760,4,371,True,288
168,5ba9ad24,2025-01-04 22:11:15,152,3,40,True,140
169,f3f0c515,2025-01-10 14:18:48,903,4,796,True,694
170,faf8ad30,2025-01-01 20:26:59,76,1,211,True,841
171,b59ca4f4,2025-01-08 16:55:24,650,1,802,True,421
172,e4ff3982,2025-01-06 00:14:00,614,5,437,False,818
173,9577d581,2025-01-04 13:56:10,855,3,783,True,565
174,87c1db87,2025-01-01 12:47:46,682,1,653,False,30
175,038d427a,2025-01-01 23:27:31,849,5,509,True,747
176,f7883a9a,2025-01-08 11:19:45,87,1,743,True,575
177,ca5de5f9,2025-01-10 16:08:02,99,2,786,False,427
178,c4e9ea7a,2025-01-03 09:35:28,163,3,341,False,946
179,6ae49db2,2025-01-09 12:38:41,209,5,371,False,526
180,e011545b,2025-01-08 01:19:50,574,1,16,True,347
181,66d423f3,2025-01-09 03:46:10,24,5,328,True,557
182,df24ef96,2025-01-03 15:15:39,966,2,914,False,150
183,e4b9e2c1,2025-01-05 10:04:07,71,2,167,True,852
184,049c41d1,2025-01-05 18:58:57,535,5,628,True,802
185,2360fe24,2025-01-06 04:29:03,716,3,660,True,373
186,5f209bb7,2025-01-07 09:55:20,749,2,144,True,599
187,f6fd1207,2025-01-02 12:39:38,210,4,241,True,163
188,0476154a,2025-01-09 11:33:22,578,5,109,False,179
189,f2a972ca,2025-01-01 15:30:20,319,4,1000,False,304
190,bf29a249,2025-01-07 14:27:44,747,4,979,True,421
191,5b41e059,2025-01-05 21:38:59,481,2,241,False,516
192,a91215df,2025-01-07 20:23:19,876,2,55,False,349
193,4764d23b,2025-01-10 14:32:56,273,3,798,False,588
194,5c436c23,2025-01-05 12:04:42,929,5,524,True,548
195,34ea0422,2025-01-10 10:57:53,634,5,650,False,505
196,723d4911,2025-01-03 20:03:05,256,4,843,False,581
197,ab49a7c0,2025-01-07 02:11:32,743,1,529,False,570
198,7c4bd7cc,2025-01-05 13:47:54,35,2,454,False,213
199,3350c3fe,2025-01-04 21:25:51,143,4,326,False,239
200,1738418c,2025-01-05 18:56:45,409,5,745,False,91
201,eda8869d,2025-01-06 20:48:09,690,5,498,True,43
202,94920e3f,2025-01-10 11:36:06,661,4,142,True,470
203,0f4254f0,2025-01-06 22:06:39,988,1,62,True,770
204,f8617d8f,2025-01-09 13:39:17,603,4,575,True,344
205,fd746806,2025-01-02 07:14:51,939,4,929,True,462
206,d4ed9083,2025-01-02 14:28:41,168,3,882,True,341
207,ac9be589,2025-01-05 13:11:35,738,5,572,True,524
208,ce8e209e,2025-01-02 15:59:52,869,2,706,True,108
209,1540d7ad,2025-01-02 13:54:49,165,1,409,False,533
210,815209ac,2025-01-01 13:05:35,758,5,542,True,673
211,4bd9a8b5,2025-01-05 13:17:37,589,1,665,False,33
212,c5607975,2025-01-08 09:33:54,833,4,402,False,356
213,c0ea57f4,2025-01-07 07:55:10,333,2,139,False,415
214,09316d7f,2025-01-08 16:01:42,482,4,630,False,777
215,4a0cfefe,2025-01-07 16:11:11,347,2,17,False,745
216,91bfbb72,2025-01-04 13:38:48,267,1,62,True,85
217,0f26f783,2025-01-03 18:05:35,592,1,942,False,310
218,cc3e179e,2025-01-05 22:21:23,989,2,259,True,774
219,e8162630,2025-01-02 09:22:27,426,3,955,True,769
220,48025bb3,2025-01-10 09:59:38,777,2,610,True,416
221,117e4810,2025-01-01 09:24:05,80,3,497,False,20
222,e8648f31,2025-01-03 09:38:18,894,1,366,False,821
223,6c5335d7,2025-01-08 12:39:59,329,5,542,True,697
224,ddc6fa43,2025-01-07 19:17:55,65,3,758,True,350
225,d759b359,2025-01-03 18:28:41,904,4,580,True,977
226,e3046e56,2025-01-03 22:58:18,509,3,423,True,424
227,f1168db8,2025-01-02 11:49:12,3,3,594,True,58
228,44777996,2025-01-05 02:15:02,748,4,994,False,164
229,58f5d8b0,2025-01-05 02:55:38,367,4,66,True,139
230,e26ab2b2,2025-01-02 13:39:27,931,3,310,False,425
231,0a206036,2025-01-02 13:56:13,671,3,245,True,828
232,337b7521,2025-01-03 12:53:10,548,2,847,False,55
233,c81ccf3f,2025-01-08 08:32:34,916,2,386,True,70
234,43edbdcf,2025-01-09 17:21:43,741,2,502,False,532
235,8efafe6f,2025-01-10 00:02:39,299,3,880,False,791
236,e5cd9739,2025-01-02 16:27:06,481,5,543,False,396
237,29e94851,2025-01-04 03:18:04,830,2,392,True,323
238,f080d059,2025-01-10 01:47:02,767,3,499,True,78
239,ff00dd3d,2025-01-05 08:45:56,664,5,707,True,483
240,c2a93e1d,2025-01-08 07:58:39,711,5,759,False,345
241,21c2ef19,2025-01-01 02:28:01,810,2,713,False,228
242,aa19e1dc,2025-01-09 05:06:44,733,4,117,True,700
243,e6bbc806,2025-01-10 03:07:27,220,5,339,True,699
244,4ed6a693,2025-01-07 07:31:52,791,1,656,False,102
245,be63b280,2025-01-03 14:33:39,208,1,824,True,553
246,9ab8fa91,2025-01-03 17:55:16,866,2,455,False,416
247,eb30545f,2025-01-03 14:18:46,509,4,934,False,20
248,02778c67,2025-01-02 22:13:23,171,2,502,True,364
249,5d399af3,2025-01-06 15:44:53,917,4,323,True,141
250,a8dd28fc,2025-01-03 10:51:52,796,4,809,False,752
251,0ecb21fb,2025-01-02 02:51:39,519,1,599,True,897
252,ab8f40c4,2025-01-08 22:49:40,413,4,632,True,134
253,968c2e68,2025-01-09 09:49:00,492,2,696,False,680
254,05ac11b9,2025-01-05 18:19:54,209,3,748,True,14
255,a91591d1,2025-01-05 00:23:43,366,5,20,True,94
256,b3a38267,2025-01-09 07:20:05,171,5,835,False,984
257,f48420bb,2025-01-01 20:02:20,420,5,940,False,745
258,4e79522e,2025-01-08 23:21:04,772,1,935,False,851
259,29db8f7a,2025-01-04 01:52:41,514,5,482,True,986
260,8b1d5c2f,2025-01-02 22:13:07,619,1,287,False,452
261,2ea73eb9,2025-01-06 02:54:28,176,4,100,False,242
262,fba43452,2025-01-02 08:00:14,907,1,923,False,645
263,23208dcf,2025-01-06 23:10:06,364,4,781,False,752
264,07a84e55,2025-01-02 03:38:17,206,3,963,True,599
265,26ac49e1,2025-01-04 19:18:30,542,1,331,True,508
266,a2bca6ac,2025-01-08 03:11:48,366,1,355,True,905
267,f365aeb2,2025-01-01 17:07:20,545,5,925,True,776
268,746eaa2c,2025-01-06 07:04:31,62,4,555,False,765
269,c708941d,2025-01-02 10:15:09,528,2,42,False,290
270,8d521631,2025-01-10 14:58:16,657,4,63,True,230
271,fc3e53c2,2025-01-01 12:47:39,602,4,591,True,419
272,9ba22d40,2025-01-09 07:58:05,375,1,354,True,793
273,5ba2fc62,2025-01-09 21:42:06,178,2,913,False,790
274,3e24cf14,2025-01-01 05:15:02,391,3,465,True,612
275,a3adb503,2025-01-06 17:54:29,901,5,782,False,961
276,1e01950b,2025-01-06 04:57:28,259,3,365,False,803
277,0c4a7e98,2025-01-02 09:13:59,141,3,902,True,732
278,954cf3a7,2025-01-08 00:05:11,64,1,3,False,221
279,63db3e15,2025-01-10 06:25:23,350,4,295,True,947
280,5bc22808,2025-01-05 11:41:57,109,4,390,True,297
281,688e462e,2025-01-04 06:16:36,438,1,279,True,641
282,3acdef44,2025-01-06 19:25:34,548,2,938,True,799
283,4f260b68,2025-01-07 16:03:19,594,2,135,True,884
284,de06a597,2025-01-05 13:43:00,741,5,706,True,874
285,8355aa85,2025-01-04 05:59:33,627,3,545,True,69
286,6776a6e4,2025-01-04 05:24:09,42,5,458,True,607
287,442f68a1,2025-01-09 04:43:28,27,1,643,False,777
288,dd9ae294,2025-01-02 09:48:44,550,1,904,True,599
289,96db5d8b,2025-01-07 21:40:01,337,5,706,False,602
290,8282b861,2025-01-09 07:58:39,24,2,372,False,802
291,44586cda,2025-01-06 09:34:30,354,2,405,True,859
292,25fa3f2a,2025-01-08 03:01:36,233,4,184,False,845
293,686142aa,2025-01-10 04:46:50,524,4,217,True,238
294,5bef1f42,2025-01-09 03:17:00,384,3,633,True,972
295,3a2694a5,2025-01-07 19:28:22,926,2,651,False,398
296,19cab41d,2025-01-03 01:04:32,577,4,283,True,745
297,2b5c38f2,2025-01-01 15:33:10,958,3,228,False,815
298,cc80baa5,2025-01-01 10:10:33,227,4,439,False,943
299,0730eeb4,2025-01-01 17:44:15,837,4,822,False,518
300,5a4309c2,2025-01-07 09:18:24,901,2,719,False,185
301,5c9e4424,2025-01-08 20:49:45,189,4,360,True,30
302,a78663bb,2025-01-02 09:59:56,489,4,666,True,119
303,5a78553b,2025-01-02 10:21:04,889,1,152,False,914
304,a2758875,2025-01-02 02:30:09,796,3,362,True,334
305,1e6f6ad1,2025-01-02 10:28:17,899,3,761,False,224
306,6c4406b2,2025-01-08 17:52:23,250,1,322,False,794
307,0f68c6e3,2025-01-10 03:05:05,634,2,163,True,438
308,67bb8759,2025-01-03 01:22:55,3,4,75,False,565
309,df5b4088,2025-01-05 00:00:34,952,3,978,True,212
310,886743ac,2025-01-04 20:36:27,733,4,2,False,955
311,51473c3d,2025-01-10 14:14:40,377,3,935,True,871
312,f38d82a5,2025-01-07 18:26:19,531,4,945,False,795
313,bc3d20a8,2025-01-10 11:46:24,144,4,734,False,821
314,12ff3d9e,2025-01-02 23:07:58,222,2,257,False,191
315,13e6e5a4,2025-01-10 16:54:51,676,1,118,False,550
316,0d6e5db0,2025-01-10 03:40:56,455,5,669,True,837
317,d66f9325,2025-01-07 17:55:28,483,2,587,False,819
318,69a7571f,2025-01-04 22:47:50,762,1,660,False,631
319,b582a887,2025-01-02 10:09:21,398,2,926,False,942
320,110d54f2,2025-01-08 20:29:03,205,1,310,True,435
321,3cc0689f,2025-01-08 04:50:27,889,1,142,True,20
322,7b357998,2025-01-03 16:52:53,597,2,682,True,774
323,80a7161a,2025-01-05 22:29:33,292,2,597,False,611
324,110fafb8,2025-01-04 14:39:59,83,4,262,True,717
325,9be18c9d,2025-01-07 17:42:23,625,2,189,True,663
326,fba9cfd2,2025-01-03 04:24:03,309,2,737,True,383
327,4a390f48,2025-01-02 17:43:33,118,3,706,True,233
328,172995c9,2025-01-01 03:16:03,988,4,594,True,320
329,fa2db51c,2025-01-04 09:40:39,307,4,96,True,475
330,07df0074,2025-01-02 20:30:14,931,2,645,True,752
331,27a3cceb,2025-01-06 18:39:06,60,3,343,False,562
332,4845f991,2025-01-09 13:53:54,112,3,781,False,63
333,03468a71,2025-01-10 13:10:13,818,4,276,False,695
334,78535765,2025-01-03 23:40:10,37,5,47,False,695
335,9ca99814,2025-01-09 22:26:29,245,4,487,False,552
336,461c777f,2025-01-06 17:05:06,529,5,496,True,605
337,b9103650,2025-01-02 12:08:13,615,5,331,False,551
338,5840a1ff,2025-01-09 08:45:22,758,4,984,True,859
339,e152f68b,2025-01-01 20:28:39,709,5,913,True,241
340,0745607b,2025-01-10 06:48:11,944,2,313,False,688
341,6cebbfd8,2025-01-02 16:51:08,71,4,508,True,891
342,4aeb4352,2025-01-03 23:19:42,80,4,154,True,826
343,93a251bf,2025-01-07 04:50:19,663,5,937,True,852
344,3e6747a9,2025-01-07 23:34:58,375,2,606,False,952
345,77468cc6,2025-01-06 06:33:47,893,2,165,True,175
346,2ad25012,2025-01-04 12:10:31,429,5,397,True,271
347,6075d751,2025-01-03 12:30:38,239,1,369,False,515
348,761f5324,2025-01-06 18:50:11,272,5,17,True,731
349,183d830a,2025-01-06 21:19:28,624,4,252,True,483
350,9a60f5cf,2025-01-04 12:51:45,198,3,408,True,138
351,f3546249,2025-01-04 17:06:53,679,3,699,False,381
352,5a1e33e1,2025-01-05 07:11:37,590,3,805,False,119
353,697c606e,2025-01-02 08:12:58,390,1,280,False,214
354,207d8311,2025-01-10 02:52:53,444,2,872,False,242
355,768015e6,2025-01-07 11:39:26,196,1,519,True,851
356,2fca5074,2025-01-03 03:28:44,936,5,876,False,577
357,0b539612,2025-01-05 10:19:43,847,4,868,True,239
358,9d7053ad,2025-01-01 14:23:40,303,3,426,False,641
359,863094cd,2025-01-03 17:00:01,142,3,390,True,901
360,d7e467d4,2025-01-08 17:41:45,225,2,925,False,804
361,171cd7f9,2025-01-05 20:14:33,738,4,36,False,696
362,1c6856ed,2025-01-09 15:31:46,265,4,42,True,748
363,c2e7696b,2025-01-01 15:02:33,136,4,424,True,499
364,6899d6da,2025-01-02 07:49:23,356,4,585,True,321
365,0b964a1a,2025-01-03 06:17:20,418,3,321,True,211
366,e492b853,2025-01-06 12:20:34,390,4,459,False,53
367,d3262220,2025-01-01 14:39:40,593,2,573,True,317
368,3608a098,2025-01-03 10:58:06,480,1,510,False,407
369,cc39cf4d,2025-01-10 01:17:14,723,1,934,False,891
370,1b2c0cf3,2025-01-06 04:50:19,954,4,214,True,430
371,f49dcaac,2025-01-01 07:40:34,828,3,516,False,646
372,88699723,2025-01-01 12:25:00,561,2,326,True,915
373,74065d3f,2025-01-09 18:28:20,231,2,894,True,858
374,6c56780b,2025-01-04 12:27:00,947,3,978,True,323
375,e5459b17,2025-01-09 10:53:34,884,2,125,False,764
376,628ad231,2025-01-01 01:06:16,43,5,236,True,812
377,fba1bfa1,2025-01-08 15:54:10,934,4,717,False,747
378,5542253b,2025-01-05 05:45:06,496,2,906,False,391
379,8ec1b322,2025-01-02 13:31:06,906,2,155,False,426
380,9d3827ba,2025-01-05 06:25:09,149,3,400,False,431
381,2a0fbbdf,2025-01-02 17:18:59,34,2,504,True,707
382,3f56cb35,2025-01-03 19:47:30,173,5,68,True,87
383,4ff917b6,2025-01-07 04:33:16,118,4,316,True,903
384,014b514d,2025-01-10 10:08:16,487,3,435,True,499
385,4cb86a1e,2025-01-04 21:24:31,285,5,242,True,30
386,f5229f62,2025-01-01 23:43:38,305,5,411,True,258
387,5da6cc43,2025-01-01 04:32:29,50,2,635,True,660
388,5698e9f1,2025-01-04 09:32:39,430,5,972,True,224
389,4ea9004a,2025-01-02 23:13:21,721,2,95,True,666
390,1970e70d,2025-01-05 07:16:52,307,2,654,True,857
391,2c1e1e99,2025-01-07 16:39:40,658,4,858,True,900
392,c8b245ed,2025-01-02 03:02:37,318,5,806,True,704
393,c2231204,2025-01-02 07:18:30,347,2,622,False,621
394,7d1a337a,2025-01-01 22:58:29,603,4,242,True,801
395,69ef8686,2025-01-03 14:54:15,363,4,745,False,990
396,307b25fb,2025-01-07 13:32:07,26,1,579,False,998
397,dc54621e,2025-01-02 12:48:50,119,2,713,False,925
398,760a6d2c,2025-01-03 07:34:38,648,4,690,True,832
399,f0b7418a,2025-01-01 17:44:50,205,4,173,True,789
400,1844d8f6,2025-01-10 07:31:10,517,2,271,False,220
401,176c8098,2025-01-04 11:59:00,18,1,533,False,711
402,3b44589e,2025-01-03 22:56:06,791,1,387,True,852
403,4f926ee2,2025-01-08 17:20:53,208,3,34,True,621
404,92bac1ba,2025-01-08 02:27:22,784,4,937,True,336
405,6a07711b,2025-01-05 04:45:15,321,1,151,False,887
406,29ef34af,2025-01-10 16:41:44,771,1,64,False,329
407,f0f51715,2025-01-05 13:52:54,737,1,367,False,684
408,63a772ea,2025-01-02 22:37:30,453,1,198,False,867
409,56c35766,2025-01-02 06:55:05,70,5,17,False,588
410,0bcdb264,2025-01-01 16:16:25,645,3,924,True,208
411,a1239b2b,2025-01-05 06:38:52,624,1,921,True,376
412,12d52362,2025-01-05 20:19:46,14,5,629,False,397
413,c0b55fb6,2025-01-01 02:37:56,725,5,180,False,665
414,361b7b51,2025-01-09 22:16:14,222,2,219,False,283
415,c30abb37,2025-01-06 13:00:22,690,1,623,True,964
416,e2e03ce0,2025-01-10 05:21:50,266,4,927,True,167
417,51eec54e,2025-01-06 04:45:44,273,1,232,True,640
418,fb969fbd,2025-01-08 05:37:00,507,2,553,False,352
419,42d009b7,2025-01-01 21:17:12,741,2,951,True,998
420,709a9229,2025-01-09 23:11:24,520,3,261,True,77
421,1579be49,2025-01-05 22:31:14,382,1,311,False,553
422,e4f5521f,2025-01-05 20:53:15,590,5,483,True,100
423,94e2110c,2025-01-04 05:45:13,135,4,251,False,395
424,9ed4855e,2025-01-07 07:13:25,235,4,306,True,47
425,e9249d10,2025-01-02 17:05:36,816,5,609,False,78
426,294fa9b1,2025-01-03 19:58:34,474,2,446,False,144
427,24c41992,2025-01-08 19:15:21,203,4,611,False,791
428,d4491921,2025-01-06 11:47:02,28,2,232,True,452
429,52ab3328,2025-01-09 04:20:04,400,1,930,True,305
430,2980d061,2025-01-02 21:47:37,457,1,513,False,199
431,fec935a2,2025-01-06 18:14:22,98,3,973,True,950
432,1a105534,2025-01-10 02:15:05,697,1,730,True,740
433,d9a1c84d,2025-01-09 08:29:54,104,2,292,True,592
434,ab86cf8e,2025-01-09 03:22:40,888,2,3,True,594
435,7e67d1ca,2025-01-04 15:47:24,428,4,424,False,627
436,2b38c9dd,2025-01-09 10:44:34,919,1,358,True,403
437,47585dff,2025-01-05 12:35:06,635,5,943,False,744
438,c5bacc3e,2025-01-05 04:44:22,425,5,827,False,883
439,7d2b5898,2025-01-02 00:12:28,263,5,924,False,249
440,38347d0f,2025-01-04 12:40:41,752,2,71,False,909
441,228cccef,2025-01-02 02:51:58,968,1,447,False,839
442,4a19f8e2,2025-01-05 17:22:59,819,3,160,False,870
443,09f26ee0,2025-01-05 20:55:44,342,5,615,False,146
444,97857196,2025-01-10 10:57:52,84,3,558,True,355
445,4852d57a,2025-01-06 05:50:03,340,3,131,False,973
446,298cfd7b,2025-01-03 06:29:45,464,1,62,False,582
447,328f217b,2025-01-03 20:22:45,546,3,997,False,724
448,b24fd8eb,2025-01-02 18:21:19,615,3,334,True,220
449,7b02a9e2,2025-01-06 21:05:34,683,5,54,True,131
450,ec0fcee8,2025-01-02 14:22:40,844,2,765,True,367
451,42b96b3e,2025-01-07 16:58:44,534,5,514,True,10
452,ebd6f30b,2025-01-10 12:33:39,960,3,802,False,20
453,d991f4c7,2025-01-05 15:40:36,701,5,423,False,561
454,4b3a2c0e,2025-01-05 15:25:44,267,3,339,False,728
455,dfab83c0,2025-01-04 06:57:23,493,2,893,False,155
456,c25cf63c,2025-01-01 01:49:09,742,5,723,False,266
457,0cac44b8,2025-01-01 22:22:09,259,1,178,False,314
458,4f336fcf,2025-01-07 14:03:58,836,4,219,True,380
459,e9f0c6e7,2025-01-08 12:29:24,943,2,144,True,949
460,d738d283,2025-01-02 08:47:52,268,2,944,False,336
461,f5c607fa,2025-01-06 17:52:44,257,3,112,True,344
462,82be82e4,2025-01-01 14:15:57,958,4,289,True,226
463,9d344f05,2025-01-10 17:16:27,563,2,523,False,412
464,47a1771d,2025-01-06 08:17:54,794,3,971,True,960
465,4f48c207,2025-01-01 09:01:30,869,1,965,True,386
466,ed62dfa2,2025-01-04 09:31:50,410,1,595,False,857
467,cda5b55c,2025-01-05 13:37:14,259,1,5,True,944
468,3775d392,2025-01-07 06:17:27,943,1,901,False,287
469,71266f1b,2025-01-01 11:12:24,693,1,137,True,125
470,4bc7a5a9,2025-01-08 03:31:07,924,5,976,False,678
471,f470cc5f,2025-01-06 03:03:32,639,5,531,False,371
472,facbac5a,2025-01-10 08:12:29,945,5,296,False,837
473,cf667cc9,2025-01-08 18:34:31,317,4,465,True,768
474,16a6fa2c,2025-01-05 11:27:37,225,2,634,True,904
475,c5f40a0f,2025-01-01 16:28:15,26,5,700,False,974
476,1a26ad40,2025-01-08 14:17:08,872,1,657,False,553
477,087a21e2,2025-01-10 12:58:35,596,1,841,False,902
478,a0a67f9f,2025-01-06 04:28:08,220,4,206,False,831
479,61376645,2025-01-07 18:00:47,17,1,29,True,824
480,d9ce4ccd,2025-01-02 21:18:37,864,1,414,False,841
481,46af5eac,2025-01-08 21:10:05,857,2,486,False,502
482,909b275a,2025-01-02 02:03:35,665,5,967,True,131
483,29081af5,2025-01-07 22:58:15,480,4,517,True,872
484,c0ba780b,2025-01-01 07:39:12,325,1,292,False,782
485,11931293,2025-01-04 16:21:47,508,4,305,False,442
486,7bcb81e9,2025-01-09 00:30:11,418,3,114,True,641
487,66461dde,2025-01-03 03:36:50,270,3,631,False,352
488,a4cb3e8a,2025-01-10 02:11:12,108,1,924,False,915
489,e248e7af,2025-01-06 13:25:10,294,4,766,True,923
490,9583cb2f,2025-01-06 03:24:47,931,4,337,False,4
491,9b9e1b8f,2025-01-08 03:01:39,57,2,45,False,148
492,c8ee0a41,2025-01-09 09:38:11,795,4,168,True,233
493,bdd856e0,2025-01-07 08:35:24,93,3,708,True,58
494,4828f711,2025-01-02 13:10:10,95,2,287,True,269
495,df3f256a,2025-01-03 00:51:42,948,2,396,False,930
496,fae1cd21,2025-01-08 07:40:12,758,3,625,False,565
497,d17ea709,2025-01-07 08:01:38,346,4,425,False,253
498,4d44602f,2025-01-06 08:57:42,441,2,480,False,773
499,f37657f7,2025-01-08 23:51:07,785,5,764,False,149
500,bb2b17af,2025-01-04 12:19:34,64,2,12,True,712
501,e172c14a,2025-01-07 09:15:10,270,5,655,False,247
502,8367a0b1,2025-01-09 12:51:43,591,2,243,True,781
503,85ea7bc2,2025-01-08 05:23:19,875,5,339,False,597
504,d4c7f229,2025-01-09 19:55:28,747,5,942,False,585
505,aa53eee9,2025-01-04 01:07:26,765,3,477,True,290
506,9432981b,2025-01-09 12:02:01,591,1,625,False,492
507,3a5defd9,2025-01-08 09:27:03,839,2,550,False,91
508,98eb4801,2025-01-05 16:44:12,812,4,385,True,235
509,d7993ef6,2025-01-03 17:22:14,111,3,205,True,107
510,e57d86de,2025-01-04 13:55:47,174,2,124,False,481
511,1cbf309a,2025-01-08 10:10:36,876,3,19,False,936
512,a9fc7813,2025-01-02 21:06:48,908,3,239,True,458
513,5d5351f9,2025-01-08 18:56:28,232,1,488,True,505
514,1366f767,2025-01-07 13:16:18,778,2,462,False,767
515,6147a94b,2025-01-03 13:10:45,606,5,403,True,624
516,928c84b3,2025-01-03 10:45:24,266,2,32,False,793
517,bc4675e0,2025-01-01 03:09:34,775,2,267,False,707
518,1950f956,2025-01-10 00:02:24,542,3,317,False,627
519,34fc1e54,2025-01-03 19:17:14,990,5,335,False,298
520,4d29c704,2025-01-02 05:58:34,220,4,125,False,599
521,f70d0931,2025-01-10 07:02:04,326,4,793,True,569
522,c8a1a36b,2025-01-08 16:30:39,379,4,376,False,488
523,a116d260,2025-01-09 04:14:50,568,4,753,True,446
524,187952ab,2025-01-06 12:15:37,980,3,268,True,565
525,b55f9dd7,2025-01-05 08:56:52,523,4,20,True,433
526,aa8c1394,2025-01-01 17:11:52,933,3,473,False,660
527,1b0a6137,2025-01-09 12:16:55,365,1,477,False,940
528,859708bc,2025-01-09 03:15:58,289,1,898,True,191
529,1aa86eda,2025-01-04 02:25:53,55,5,424,True,554
530,2d88e53e,2025-01-04 05:40:56,471,4,439,False,455
531,fb12182a,2025-01-02 00:31:15,993,3,150,False,72
532,15860a05,2025-01-03 09:05:55,944,4,548,True,182
533,3c81f323,2025-01-10 13:08:31,406,2,89,True,443
534,a6759a67,2025-01-07 07:27:20,235,2,37,False,358
535,5fe35227,2025-01-01 17:53:24,608,3,778,True,910
536,13536125,2025-01-02 23:48:40,453,1,975,True,184
537,2575316e,2025-01-09 21:01:49,103,3,515,True,519
538,5c79c031,2025-01-04 02:29:23,412,3,723,True,989
539,badfab1d,2025-01-10 18:51:39,902,5,239,False,463
540,9f1c0cc4,2025-01-08 15:17:15,529,2,681,True,146
541,f47340f5,2025-01-06 15:40:45,73,2,114,False,597
542,bc394153,2025-01-01 10:31:55,563,4,532,True,378
543,ecab3e37,2025-01-01 10:06:15,83,5,895,False,574
544,5fc7af7b,2025-01-09 06:48:45,88,4,284,True,312
545,3ea7fde1,2025-01-02 04:30:56,578,2,222,True,315
546,a2b708b1,2025-01-09 01:52:29,613,3,21,True,177
547,0a5ab272,2025-01-08 20:27:57,354,4,518,False,635
548,0d040d25,2025-01-09 13:09:52,945,4,34,True,825
549,741033d9,2025-01-07 06:48:02,379,2,279,False,20
550,94355a70,2025-01-02 00:45:05,878,1,419,False,785
551,c4487061,2025-01-09 21:15:34,209,1,338,True,832
552,a1eca193,2025-01-08 17:46:19,177,1,77,True,165
553,45baa459,2025-01-01 13:03:06,544,1,717,False,43
554,f9635846,2025-01-08 20:04:12,650,2,836,False,544
555,5666c6a6,2025-01-08 23:34:44,353,5,527,False,942
556,b36894d7,2025-01-09 18:35:33,350,2,980,True,799
557,17a7cdc7,2025-01-07 00:31:05,793,4,664,True,593
558,5a808d09,2025-01-08 21:55:19,724,5,997,True,547
559,0ca6f606,2025-01-01 02:14:03,903,3,110,False,430
560,21c9ed13,2025-01-10 01:26:17,478,4,942,False,9
561,99471728,2025-01-02 21:58:36,260,4,742,True,451
562,0c7fb299,2025-01-03 00:52:06,695,1,444,False,901
563,abf53cc2,2025-01-09 03:31:28,66,1,708,True,945
564,92a4e301,2025-01-07 01:14:44,378,4,340,False,861
565,4a8dd076,2025-01-05 11:51:58,631,4,261,False,45
566,5a68f0bb,2025-01-04 16:35:30,7,3,240,False,412
567,c42a83e1,2025-01-04 01:47:25,245,2,3,False,711
568,4f83fef3,2025-01-01 07:51:15,327,1,348,False,593
569,d4f54a26,2025-01-01 07:20:31,983,3,853,False,700
570,78cab166,2025-01-09 18:15:58,785,1,592,True,95
571,b0e18c37,2025-01-06 17:16:22,103,2,717,True,412
572,97199ae5,2025-01-04 00:58:39,719,2,861,True,590
573,64bb085a,2025-01-07 23:19:45,482,1,632,False,101
574,88046157,2025-01-04 06:04:16,477,2,507,True,959
575,88e8eea8,2025-01-05 16:13:37,698,4,729,False,100
576,decaf5d0,2025-01-02 03:06:50,400,2,917,False,386
577,3de99f54,2025-01-03 23:25:38,74,3,688,False,190
578,6eb2c07a,2025-01-03 02:15:40,5,3,623,True,115
579,b205f897,2025-01-01 21:24:54,463,3,752,True,153
580,88d12de9,2025-01-09 01:09:21,771,3,24,False,183
581,5bb9fd14,2025-01-01 18:40:22,29,2,993,True,380
582,6bc481f5,2025-01-04 04:17:19,49,4,813,False,744
583,8e4b02c7,2025-01-07 20:59:34,915,2,769,False,340
584,6b03d755,2025-01-02 06:42:45,54,3,81,False,861
585,56f7eb1e,2025-01-04 06:23:44,762,5,729,True,684
586,92489ccf,2025-01-09 14:58:56,690,5,750,False,547
587,db6d21a6,2025-01-08 16:12:32,471,3,579,False,986
588,8fb4bb50,2025-01-03 15:01:48,643,5,469,False,76
589,1e754f56,2025-01-08 23:05:58,571,2,519,True,834
590,136ab3c8,2025-01-10 17:22:12,386,4,99,False,940
591,48b91016,2025-01-03 15:18:04,865,4,992,True,914
592,2e61756e,2025-01-01 01:48:37,893,2,798,True,660
593,ec8362a3,2025-01-10 00:26:12,9,1,489,True,919
594,449a0d04,2025-01-02 22:20:36,83,3,366,False,964
595,3f357aac,2025-01-01 11:44:41,832,1,302,False,983
596,e1233517,2025-01-09 15:10:24,789,4,29,True,673
597,e7b62fa4,2025-01-01 13:59:53,518,4,665,True,652
598,e0e08e0f,2025-01-07 13:02:31,865,5,313,True,801
599,e88db1fd,2025-01-04 02:55:35,465,2,434,True,84
600,02e439e6,2025-01-05 04:00:17,534,3,233,False,367
601,2e7f38ef,2025-01-04 10:36:03,411,3,269,True,418
602,87276b13,2025-01-01 06:42:08,22,3,91,False,920
603,fe578470,2025-01-10 10:22:07,104,2,605,False,650
604,f99887ab,2025-01-09 10:25:52,784,2,61,True,205
605,a37e481a,2025-01-02 06:34:25,86,4,883,True,595
606,aaf0ac73,2025-01-03 03:20:18,584,2,138,False,275
607,5dfeaa88,2025-01-01 02:18:42,273,1,39,False,448
608,9f2fed49,2025-01-07 02:10:12,170,3,658,True,879
609,90ce7a55,2025-01-10 04:31:16,989,1,134,True,578
610,ec73987f,2025-01-02 14:03:13,222,3,271,True,897
611,d77c4257,2025-01-01 16:14:10,857,5,729,True,84
612,fbb3515a,2025-01-07 07:01:27,445,3,592,True,894
613,09727bc7,2025-01-05 16:08:45,905,4,215,True,137
614,6fd8e286,2025-01-10 18:15:00,876,2,846,False,153
615,bf499005,2025-01-07 22:23:08,219,4,88,True,694
616,bd23a784,2025-01-07 09:38:06,582,2,913,True,165
617,3efd7444,2025-01-01 09:01:17,160,2,127,True,723
618,fea8ed90,2025-01-03 21:17:32,665,2,812,False,349
619,adb8a95f,2025-01-03 02:35:35,57,5,246,False,403
620,de7072d8,2025-01-04 04:58:41,665,5,595,True,796
621,0be52656,2025-01-09 13:12:53,952,2,388,False,459
622,1492bbe0,2025-01-02 21:22:26,834,5,236,True,63
623,28429c09,2025-01-04 23:59:47,452,2,574,False,775
624,eda83c9f,2025-01-07 11:28:01,441,3,657,False,818
625,72e84345,2025-01-06 22:39:42,916,4,185,True,909
626,25abb5b5,2025-01-04 07:46:35,304,3,132,True,902
627,fb83768c,2025-01-03 20:58:33,549,5,876,False,916
628,fd64521f,2025-01-02 17:57:42,235,2,155,True,81
629,208d9250,2025-01-02 07:49:15,542,5,423,True,148
630,580e57be,2025-01-05 20:17:22,896,3,586,False,260
631,089bf6b9,2025-01-07 09:52:05,229,4,780,True,298
632,85a07acd,2025-01-10 18:12:50,389,3,586,False,888
633,53e2377f,2025-01-03 23:10:30,204,3,250,False,951
634,8f9130aa,2025-01-09 20:10:02,850,2,967,False,108
635,0212c906,2025-01-06 04:52:28,729,5,920,False,429
636,4b22503a,2025-01-05 01:18:15,275,2,457,False,760
637,ff526c6e,2025-01-03 07:14:55,214,4,677,True,992
638,100e889f,2025-01-01 12:58:56,429,5,762,True,752
639,029b042f,2025-01-08 08:03:35,90,2,877,False,444
640,441d0c28,2025-01-09 04:09:23,316,2,249,False,995
641,6c31fa43,2025-01-01 13:22:43,325,3,269,False,978
642,9601f161,2025-01-02 08:24:34,181,5,317,False,315
643,b8fb9b70,2025-01-08 17:02:33,225,4,951,False,824
644,9b00310c,2025-01-04 02:21:08,488,1,740,True,805
645,de7af35c,2025-01-03 22:25:40,47,2,607,True,155
646,41112f15,2025-01-08 12:46:39,741,1,519,False,893
647,87a1ef8c,2025-01-09 16:22:08,452,1,130,True,260
648,daf15b2a,2025-01-04 10:18:11,748,3,173,True,434
649,11680e96,2025-01-09 10:14:17,882,5,156,False,601
650,6dc929fc,2025-01-05 12:46:39,113,1,299,True,407
651,9e61c8a7,2025-01-03 07:36:03,784,2,585,True,755
652,9b2db4d8,2025-01-04 03:37:14,801,3,24,True,758
653,8215c50e,2025-01-09 00:03:08,621,5,348,True,440
654,0fc310bf,2025-01-02 01:07:58,359,2,503,True,369
655,6b578b1f,2025-01-10 10:27:08,847,1,440,True,262
656,fe698736,2025-01-01 04:52:09,58,1,225,True,351
657,b39eefe1,2025-01-05 12:11:38,466,4,836,False,248
658,13d85c83,2025-01-06 09:03:18,843,1,435,False,522
659,ce391b69,2025-01-03 15:32:23,301,5,633,True,357
660,07c2daa4,2025-01-10 00:51:39,374,4,6,True,308
661,4f0c1aeb,2025-01-09 22:08:01,559,1,509,True,434
662,fd312051,2025-01-02 04:56:51,560,5,202,True,419
663,2bcb0223,2025-01-10 15:52:44,493,5,695,True,184
664,80c74373,2025-01-07 07:52:44,902,3,180,False,776
665,04f2aaf9,2025-01-09 00:38:19,403,2,790,False,366
666,91693eab,2025-01-07 00:42:11,775,4,547,False,560
667,0fc65698,2025-01-02 08:44:00,419,5,633,True,572
668,99e8386c,2025-01-09 13:12:24,510,3,540,False,147
669,93281f4d,2025-01-01 16:07:50,699,1,995,True,376
670,36a43413,2025-01-10 17:38:08,406,4,283,True,528
671,c8312221,2025-01-02 18:46:24,529,4,67,True,559
672,ed4bf3b8,2025-01-03 04:23:12,501,1,871,False,250
673,5b1c1962,2025-01-04 06:39:33,456,2,989,False,255
674,38de30fa,2025-01-07 22:44:31,505,5,101,False,477
675,cee4d8bb,2025-01-03 22:53:02,55,3,923,False,395
676,365f19fe,2025-01-08 10:32:05,920,5,373,False,689
677,78399950,2025-01-07 07:45:12,439,5,579,False,337
678,fda01bab,2025-01-06 22:18:31,383,4,104,True,602
679,74e2e618,2025-01-06 15:02:43,137,1,484,True,643
680,be42b046,2025-01-08 14:06:31,852,4,919,False,284
681,2ce736aa,2025-01-06 23:51:45,721,2,737,False,1
682,2da86775,2025-01-08 18:09:39,111,2,76,False,381
683,e78f1502,2025-01-01 07:29:32,594,5,195,False,977
684,bd570eb9,2025-01-06 15:38:58,558,3,92,True,751
685,7661a8d6,2025-01-01 00:08:02,665,4,602,True,205
686,5661c61c,2025-01-10 04:15:15,585,5,729,False,276
687,f4a90239,2025-01-07 22:23:38,38,3,30,True,369
688,69b87b48,2025-01-01 15:35:21,206,5,940,False,983
689,bf6ce78d,2025-01-04 08:09:27,467,4,228,True,336
690,e8557d57,2025-01-04 05:57:59,818,5,70,True,531
691,07f4dc50,2025-01-02 02:40:55,253,2,161,False,268
692,51af99f4,2025-01-02 10:17:23,531,1,913,True,112
693,5d4b3096,2025-01-07 09:14:44,412,2,764,True,304
694,3f06ea00,2025-01-07 12:36:27,838,2,214,False,736
695,876a6e34,2025-01-07 22:33:12,436,3,894,False,916
696,ba68195c,2025-01-04 01:00:54,631,1,756,False,531
697,d37fad6b,2025-01-05 19:02:41,57,4,680,False,964
698,a1c839f2,2025-01-10 06:41:25,651,3,995,True,645
699,387eee8d,2025-01-05 07:20:39,680,1,947,False,378
700,b38ecf63,2025-01-02 22:45:33,306,3,962,False,86
701,60891d51,2025-01-10 13:12:29,334,4,251,True,714
702,c332462a,2025-01-09 05:15:46,275,3,587,False,640
703,25730492,2025-01-10 02:40:47,230,2,496,True,409
704,35b963cd,2025-01-03 06:51:28,242,1,274,True,363
705,fa8dbd06,2025-01-07 02:49:49,995,4,230,False,544
706,2086a183,2025-01-10 13:01:30,360,5,803,False,538
707,96ba7999,2025-01-09 01:03:27,995,1,408,True,26
708,099dd5e2,2025-01-05 03:35:42,414,5,659,True,70
709,3664bf27,2025-01-05 06:05:51,709,3,505,True,472
710,4b8d1370,2025-01-10 03:01:35,212,3,655,False,163
711,d753ba97,2025-01-08 22:05:28,196,1,247,False,329
712,7ebf0f29,2025-01-06 03:01:15,806,5,111,True,674
713,c25a791b,2025-01-06 08:06:23,464,5,23,True,572
714,b1bdebf4,2025-01-03 15:52:54,657,1,239,True,34
715,19cca839,2025-01-09 15:22:28,903,4,599,True,90
716,9b41a7c3,2025-01-05 11:58:54,124,3,233,False,109
717,bb9f8710,2025-01-10 15:06:17,923,2,914,False,878
718,ea4b8b17,2025-01-05 02:18:19,140,2,140,True,862
719,10c9c639,2025-01-01 21:17:51,687,4,470,True,37
720,5f95baac,2025-01-07 06:45:36,318,2,499,True,239
721,5f1a5cde,2025-01-02 06:56:31,385,4,66,True,613
722,cb596fb8,2025-01-01 20:16:48,942,3,209,True,105
723,c44a618c,2025-01-02 01:52:08,280,4,166,False,169
724,ea60caf6,2025-01-07 19:05:22,830,1,356,True,515
725,9d025931,2025-01-02 20:12:05,252,1,827,False,357
726,74911256,2025-01-07 06:07:00,891,1,13,True,460
727,dab78b00,2025-01-07 01:38:10,444,3,302,False,950
728,4d288357,2025-01-08 21:30:53,741,2,736,True,763
729,d0d019c1,2025-01-10 14:00:42,490,1,892,False,634
730,5ba22dd6,2025-01-02 08:39:55,783,3,828,True,911
731,deee7473,2025-01-04 20:32:25,625,3,646,False,202
732,0921d816,2025-01-09 03:52:30,283,1,413,False,783
733,877245e8,2025-01-05 21:26:16,67,1,50,False,809
734,ccadeb79,2025-01-03 22:13:59,646,1,233,False,386
735,e0ca3a0e,2025-01-10 12:20:25,617,2,135,True,658
736,c65e195d,2025-01-04 09:33:37,585,1,732,False,207
737,94671748,2025-01-09 11:31:51,403,1,719,True,487
738,9a5657eb,2025-01-08 05:06:56,406,5,494,True,416
739,bd133296,2025-01-05 12:17:45,922,5,408,False,904
740,e21caaec,2025-01-05 21:34:09,78,1,220,False,593
741,e113f918,2025-01-09 17:52:14,115,4,553,False,652
742,48a2595c,2025-01-01 14:18:03,425,4,99,False,930
743,9f78f6a5,2025-01-10 06:24:20,616,4,886,True,724
744,1061880f,2025-01-07 04:47:31,206,4,493,False,675
745,1fa39e6f,2025-01-03 22:34:53,254,5,681,False,597
746,02ce5497,2025-01-05 08:06:14,70,4,377,False,700
747,0eed46fd,2025-01-05 21:02:30,214,5,587,True,541
748,d56fb29f,2025-01-05 17:07:22,588,2,850,False,685
749,ac6a450d,2025-01-07 15:28:13,215,5,167,True,176
750,aab4141c,2025-01-02 18:21:26,933,5,318,False,585
751,fc65b966,2025-01-08 07:04:10,265,3,246,True,622
752,beffcdb7,2025-01-07 01:45:44,537,3,823,False,303
753,7ec09c4c,2025-01-04 18:32:36,515,2,217,True,563
754,3b168b8b,2025-01-03 07:59:34,129,3,744,False,747
755,1a14fc86,2025-01-04 00:01:28,872,5,69,False,832
756,000d0ba1,2025-01-05 15:37:45,96,3,997,True,33
757,6c745354,2025-01-10 16:30:42,453,3,914,False,139
758,14c68037,2025-01-03 07:28:52,518,4,80,False,62
759,b6201ffc,2025-01-08 00:49:43,219,2,763,True,14
760,d760d4de,2025-01-02 15:38:47,311,5,360,True,801
761,0f808039,2025-01-07 16:18:53,150,1,222,False,896
762,28a815df,2025-01-06 21:30:12,995,2,923,True,95
763,a08da4fa,2025-01-02 03:20:51,442,5,825,False,522
764,b504b446,2025-01-07 23:35:24,690,1,590,False,666
765,f9404f35,2025-01-09 12:55:38,646,3,765,False,477
766,6a8bdc5a,2025-01-03 00:05:39,55,2,103,True,114
767,1c0b70ab,2025-01-01 23:49:39,156,5,208,False,21
768,97290397,2025-01-06 05:51:21,804,5,629,True,385
769,83e071ac,2025-01-07 19:47:53,702,3,986,True,678
770,92c33669,2025-01-05 21:10:53,405,1,458,True,327
771,9514535c,2025-01-04 11:45:50,620,5,754,True,719
772,a73c502f,2025-01-03 17:00:57,77,1,53,False,787
773,6ef8e823,2025-01-02 18:39:36,293,1,211,True,593
774,118b2951,2025-01-03 15:54:35,729,2,91,True,232
775,390c4d07,2025-01-02 16:36:25,79,2,778,True,953
776,6a649f94,2025-01-06 06:31:24,933,4,536,False,772
777,cef09328,2025-01-06 02:54:34,450,3,150,True,32
778,dbfc949e,2025-01-01 20:02:38,246,4,815,False,195
779,db9b4a8e,2025-01-03 15:17:38,142,1,383,True,210
780,ad10ecc3,2025-01-10 08:40:35,751,3,936,False,413
781,80a263f5,2025-01-03 06:08:10,536,3,341,True,555
782,1466c25b,2025-01-06 17:34:13,90,1,996,False,35
783,06b9a8ff,2025-01-10 13:05:22,193,5,930,False,972
784,a9c69522,2025-01-05 17:38:18,810,3,896,False,20
785,4a9ce10d,2025-01-01 07:54:35,131,5,780,False,136
786,045d04b6,2025-01-09 08:16:37,132,2,593,False,893
787,a0d29ab6,2025-01-01 19:09:38,142,1,460,False,787
788,8ca2f398,2025-01-09 22:58:49,312,5,711,True,922
789,e104c251,2025-01-03 15:24:23,954,1,227,True,503
790,c731760a,2025-01-10 04:50:37,438,4,507,False,788
791,f15d24a3,2025-01-10 14:17:04,25,1,252,False,962
792,b7d8457d,2025-01-09 06:06:05,240,5,272,True,579
793,281a10d3,2025-01-09 17:14:38,615,4,400,True,591
794,660618db,2025-01-08 00:51:03,93,4,585,False,123
795,b6d65e85,2025-01-03 02:34:59,659,1,803,False,805
796,8db4c56c,2025-01-01 05:39:29,594,5,336,True,470
797,75ceca84,2025-01-05 22:23:25,817,5,838,True,664
798,63dfa7fe,2025-01-05 07:09:38,927,2,943,False,695
799,f5513dfa,2025-01-09 07:27:34,582,5,605,False,180
800,76ea6000,2025-01-10 07:29:33,575,4,625,True,72
801,b7ef478a,2025-01-04 04:51:11,396,1,336,False,132
802,2a5212d3,2025-01-01 02:01:33,511,5,272,True,111
803,c2fa5eed,2025-01-10 00:47:13,423,5,631,False,902
804,cbd33b27,2025-01-05 10:58:30,541,1,494,True,932
805,3ee3ac17,2025-01-02 10:03:29,919,3,534,False,591
806,503be2f4,2025-01-10 08:32:24,844,2,68,False,424
807,70d68cfd,2025-01-05 01:55:03,635,5,440,False,916
808,d75772b0,2025-01-09 06:40:33,238,2,501,True,843
809,f09a481c,2025-01-05 07:55:18,54,3,191,True,912
810,a380796e,2025-01-08 10:36:52,515,4,333,True,579
811,5b4e7f03,2025-01-01 12:23:13,629,2,512,True,302
812,02611134,2025-01-05 15:31:07,320,5,991,True,998
813,cb1dd0b9,2025-01-08 03:53:19,109,3,245,True,792
814,652a6fcd,2025-01-03 20:23:00,216,3,810,False,526
815,b072b1d0,2025-01-07 23:00:30,210,2,725,False,408
816,a636e0e6,2025-01-08 10:20:35,144,2,321,True,572
817,a5d9bed5,2025-01-05 02:04:57,52,1,112,True,142
818,f415a8d5,2025-01-07 01:18:46,595,4,752,False,19
819,a04a124b,2025-01-09 23:17:21,335,2,635,False,744
820,e2faa1a8,2025-01-08 12:14:49,121,2,25,True,875
821,8a7cf20b,2025-01-09 23:50:42,888,5,31,True,169
822,a62dafa3,2025-01-06 13:47:32,978,3,451,False,515
823,aa2d92fd,2025-01-05 13:13:04,524,4,150,True,910
824,c6f52c20,2025-01-07 20:51:40,745,4,353,False,606
825,df64c6bf,2025-01-10 12:21:43,248,4,773,False,275
826,51424fed,2025-01-07 08:30:05,425,5,446,False,352
827,fcfd5239,2025-01-06 03:02:00,989,1,943,True,98
828,bf7dacfc,2025-01-07 03:26:35,556,2,166,True,978
829,8e047af8,2025-01-02 09:31:41,264,4,942,True,18
830,2f0d69fd,2025-01-05 20:29:25,204,2,778,False,283
831,253f7143,2025-01-09 17:22:01,634,2,372,True,63
832,4c1ad468,2025-01-07 17:25:33,422,5,958,False,790
833,0de86fda,2025-01-03 01:28:48,490,1,823,False,999
834,7409af54,2025-01-05 17:46:28,63,1,642,True,920
835,a7f51a44,2025-01-03 00:12:05,131,2,156,False,110
836,e1fc86fb,2025-01-06 07:00:31,627,5,307,True,758
837,a2fffd50,2025-01-06 21:34:30,110,2,239,True,620
838,ecdebf60,2025-01-04 07:01:55,97,4,752,False,175
839,a5095bf1,2025-01-01 16:23:36,123,2,279,True,983
840,a9d115d9,2025-01-04 05:52:31,207,1,935,False,830
841,538767f5,2025-01-01 08:03:15,632,3,980,False,386
842,966610cf,2025-01-03 10:07:43,700,4,546,False,589
843,7f510f48,2025-01-07 14:19:11,714,4,854,False,55
844,b3f9466d,2025-01-09 03:40:52,484,5,819,False,512
845,1b0c9c79,2025-01-09 18:39:06,22,1,663,True,801
846,1a7906c1,2025-01-07 23:49:52,137,4,621,False,564
847,346860ea,2025-01-09 00:05:02,16,3,661,True,570
848,92144237,2025-01-08 09:12:56,222,2,492,True,718
849,2fca885b,2025-01-03 01:27:32,452,4,771,True,79
850,1928fe09,2025-01-07 06:23:58,339,2,198,False,421
851,453d2266,2025-01-06 23:54:09,656,2,298,True,382
852,d1a3fd92,2025-01-09 05:56:43,979,2,606,True,158
853,2275d603,2025-01-02 10:57:25,791,4,413,True,743
854,83ac13b1,2025-01-04 08:57:28,500,1,623,False,323
855,dfd3cf1f,2025-01-04 13:58:11,819,3,732,False,223
856,dbff1543,2025-01-08 19:27:22,530,2,429,False,229
857,9035c178,2025-01-02 06:10:25,340,5,753,False,38
858,59c5ff17,2025-01-02 01:57:10,901,4,983,False,799
859,6b952fcb,2025-01-02 07:28:01,46,1,590,False,167
860,05cf1a79,2025-01-02 02:06:52,387,1,841,True,611
861,e91ca79f,2025-01-06 22:05:56,252,2,341,False,885
862,5572419b,2025-01-09 08:51:16,545,3,315,False,955
863,45896cc3,2025-01-09 08:56:31,566,2,876,True,857
864,b12454b9,2025-01-06 11:33:24,55,5,913,False,627
865,3ff5a812,2025-01-01 15:53:19,263,5,476,False,775
866,40bbf56a,2025-01-01 01:42:53,552,4,557,True,495
867,8028f7ec,2025-01-02 00:44:17,468,3,775,False,769
868,79974687,2025-01-06 22:35:33,547,1,422,True,771
869,a6123970,2025-01-05 03:02:56,360,1,748,True,859
870,8907cc85,2025-01-04 07:30:45,345,5,422,True,291
871,3ea6a7f2,2025-01-06 23:58:05,202,4,318,True,830
872,329e30a2,2025-01-01 05:29:08,827,3,309,False,561
873,ea32b1b6,2025-01-09 09:27:03,531,5,841,True,527
874,313c89e1,2025-01-08 04:48:10,143,3,918,True,289
875,0ec132cf,2025-01-05 05:46:20,334,5,855,False,588
876,edf5a9a3,2025-01-02 18:45:22,611,4,404,False,826
877,e17ea88c,2025-01-01 17:55:59,643,4,51,True,789
878,fd89868b,2025-01-03 17:16:08,196,2,288,True,395
879,7ace9ee4,2025-01-09 06:23:38,830,2,56,True,159
880,aec0b3e0,2025-01-04 17:40:14,545,1,45,True,825
881,f55ac378,2025-01-07 13:15:00,143,2,472,True,736
882,68e227e5,2025-01-04 04:10:39,783,1,241,False,735
883,55cd73d6,2025-01-08 12:04:49,455,2,855,True,815
884,6e3ccd9d,2025-01-01 15:49:52,187,5,734,False,947
885,5e165e90,2025-01-07 04:07:05,819,2,39,False,306
886,132698b9,2025-01-04 07:57:37,616,1,262,True,616
887,aa3eccac,2025-01-04 03:29:10,952,3,956,True,761
888,46798416,2025-01-01 13:13:29,767,1,46,False,432
889,ba803db0,2025-01-03 00:07:31,267,5,937,True,161
890,6be8f60c,2025-01-04 21:01:53,488,1,802,True,692
891,0e9c1d0d,2025-01-03 05:20:42,379,1,460,False,298
892,59e2325c,2025-01-09 03:57:35,700,5,672,False,482
893,a2d84feb,2025-01-10 03:00:47,713,1,579,False,804
894,4794d5cc,2025-01-07 21:07:13,904,4,566,False,804
895,3ed69535,2025-01-08 16:51:37,2,5,686,False,565
896,08303842,2025-01-02 12:51:10,155,2,67,True,933
897,49dbce75,2025-01-07 01:02:21,535,1,746,True,502
898,6117a428,2025-01-03 16:49:43,879,4,36,False,578
899,3538c355,2025-01-01 06:32:59,684,1,967,False,783
900,d473b7c1,2025-01-07 11:38:37,135,2,195,False,270
901,7ed8f1a8,2025-01-10 16:09:50,635,2,284,True,275
902,498060b4,2025-01-08 22:44:27,976,4,889,False,212
903,0719fe7f,2025-01-03 15:43:22,418,4,456,False,263
904,0eaf304f,2025-01-02 15:11:02,468,1,585,True,210
905,9dcae40d,2025-01-10 07:03:35,656,1,729,True,374
906,c98540fc,2025-01-05 06:51:16,637,1,401,False,779
907,66fddc5c,2025-01-09 23:56:49,224,3,462,False,351
908,3c5da38d,2025-01-08 22:15:39,791,5,289,True,99
909,738eefa4,2025-01-01 18:38:01,879,4,942,True,122
910,7ae7c6f1,2025-01-10 09:44:02,720,3,663,False,565
911,fef154d2,2025-01-07 14:08:43,563,4,890,False,900
912,ec40b7b8,2025-01-03 12:52:28,82,4,733,True,935
913,0d86b226,2025-01-02 12:03:40,872,3,325,True,948
914,ca834d0a,2025-01-03 13:45:34,597,1,262,False,942
915,87247f22,2025-01-02 09:06:58,182,4,572,True,974
916,f1f499de,2025-01-02 19:31:46,830,3,216,True,152
917,771fc12e,2025-01-05 10:54:50,110,2,191,True,998
918,4039e1ae,2025-01-10 04:29:27,716,4,505,True,89
919,3a920d04,2025-01-03 06:15:55,802,3,981,False,247
920,25f38035,2025-01-03 16:07:53,245,3,260,True,158
921,ee4a131e,2025-01-03 08:18:19,258,3,890,False,485
922,da76a2e1,2025-01-09 14:53:42,593,5,303,True,26
923,9e2d571b,2025-01-07 06:51:13,535,2,941,False,559
924,ce33785c,2025-01-09 14:21:15,681,1,795,True,531
925,2547e203,2025-01-03 12:54:26,775,2,651,True,109
926,9dd1b802,2025-01-08 05:40:15,757,5,206,True,920
927,39e13e36,2025-01-09 21:02:14,334,2,825,False,803
928,f856fb1d,2025-01-05 14:06:10,468,3,892,True,32
929,799cb855,2025-01-10 07:45:46,505,1,802,False,175
930,593a0d21,2025-01-03 10:21:59,519,2,830,False,207
931,64580be7,2025-01-06 09:38:52,900,2,781,True,358
932,dd176482,2025-01-09 19:05:14,6,5,286,False,698
933,1097c62b,2025-01-01 10:25:54,907,5,163,False,748
934,11b385de,2025-01-03 10:48:02,720,2,441,True,426
935,523df0b3,2025-01-02 01:53:17,930,2,340,False,122
936,c4a17c98,2025-01-04 15:59:40,733,3,308,False,486
937,db6f7f34,2025-01-03 18:35:03,759,2,9,True,643
938,c5fc920c,2025-01-01 14:47:06,255,3,179,False,511
939,b4582b9b,2025-01-01 17:21:32,429,2,59,True,272
940,5c894aee,2025-01-04 01:29:39,629,5,205,False,5
941,7e52c91d,2025-01-10 10:28:18,444,5,927,True,220
942,58a8a004,2025-01-10 02:38:58,674,1,93,True,808
943,68340378,2025-01-08 13:12:29,25,3,863,False,581
944,200364f6,2025-01-01 19:12:59,304,4,835,False,951
945,73801116,2025-01-02 16:25:59,477,2,497,True,57
946,230eb908,2025-01-07 10:29:51,440,2,73,True,453
947,df1c2e56,2025-01-10 18:25:32,182,1,905,False,310
948,c79144ce,2025-01-03 21:40:22,284,2,477,True,579
949,f54b9edc,2025-01-05 17:28:05,78,2,790,False,610
950,db755d0e,2025-01-01 18:50:49,444,1,91,False,908
951,9dff5106,2025-01-01 20:33:14,609,4,279,True,405
952,228110e5,2025-01-04 04:50:40,131,3,206,True,48
953,763bdff5,2025-01-02 23:25:31,620,2,704,True,348
954,45741199,2025-01-07 16:48:12,512,4,118,True,945
955,06b9fba8,2025-01-02 00:15:55,600,5,922,True,223
956,a5b29744,2025-01-07 12:56:23,501,5,255,True,533
957,44da3810,2025-01-04 17:58:31,728,3,254,True,760
958,c598b8b0,2025-01-04 04:11:12,10,4,906,False,115
959,a8d84b47,2025-01-05 16:48:53,35,4,385,True,352
960,04a74e69,2025-01-03 22:38:15,132,3,529,False,313
961,d474e0a9,2025-01-10 10:36:13,473,5,178,True,34
962,e5908bb3,2025-01-08 13:58:30,450,4,943,False,492
963,949c6007,2025-01-06 04:57:03,351,4,39,False,405
964,b40fd610,2025-01-03 19:56:36,14,1,215,False,970
965,66c5ef16,2025-01-07 18:26:24,897,5,692,False,901
966,52c1b6fe,2025-01-05 10:34:16,706,2,565,True,872
967,5f9f76eb,2025-01-07 03:53:36,142,2,162,False,979
968,42ebf750,2025-01-03 12:16:09,360,1,588,True,905
969,b6b006fb,2025-01-03 13:11:32,938,1,166,True,460
970,12d5f561,2025-01-07 02:16:32,2,4,910,True,845
971,edc2a6d0,2025-01-06 18:06:42,912,1,39,False,671
972,d7174578,2025-01-05 05:02:24,44,3,502,False,989
973,5224736f,2025-01-01 18:13:39,331,1,415,False,800
974,fcf315a1,2025-01-08 10:44:46,674,1,832,True,639
975,4beaba7e,2025-01-08 01:07:29,54,3,411,True,438
976,c7f139b8,2025-01-04 12:49:53,366,3,142,False,298
977,eefd4efe,2025-01-09 19:59:03,69,4,798,False,308
978,6b072a66,2025-01-03 11:39:52,241,2,410,False,310
979,68eea1c6,2025-01-05 13:50:03,837,3,26,True,242
980,323b3bb7,2025-01-06 01:15:54,57,3,44,False,430
981,92600660,2025-01-03 10:38:03,932,5,936,False,279
982,8ae030c9,2025-01-02 02:51:44,104,2,401,True,268
983,873fc614,2025-01-07 15:20:06,423,1,458,True,719
984,4c085af1,2025-01-08 11:16:29,742,5,898,False,96
985,b0ce0709,2025-01-08 07:07:41,700,4,757,True,134
986,8545fb69,2025-01-05 03:00:22,566,4,28,True,897
987,29713686,2025-01-07 11:45:40,283,2,775,False,531
988,ebd177a1,2025-01-03 15:30:59,102,4,79,False,301
989,bd4018f6,2025-01-02 13:16:17,26,2,721,False,158
990,741a8011,2025-01-06 19:27:31,282,1,825,True,921
991,c06a7dab,2025-01-08 18:39:56,616,5,121,True,632
992,9931976d,2025-01-03 19:34:08,794,2,6,True,841
993,72b27c06,2025-01-09 15:26:17,429,2,376,False,404
994,2cfa4604,2025-01-09 07:12:47,391,5,946,True,568
995,892f2050,2025-01-05 13:43:03,886,4,997,True,29
996,6b926f01,2025-01-10 16:41:32,943,4,752,True,64
997,455ecc68,2025-01-07 09:47:43,580,3,50,False,603
998,db4797e8,2025-01-10 08:50:26,618,4,110,False,850
999,0aff0b19,2025-01-03 10:20:36,781,4,14,True,211
1000,6aec5aef,2025-01-01 03:21:07,74,4,972,True,329
