row_id,rota_id,date,shift_id,staff_id
1,eff555c0,2025-01-06,310,38
2,af968889,2025-01-05,659,14
3,043ef13c,2025-01-09,628,96
4,df828e70,2025-01-09,443,63
5,219dc459,2025-01-09,426,98
6,11357eb1,2025-01-07,641,86
7,4463a5d8,2025-01-07,132,5
8,2467dbb4,2025-01-02,727,98
9,353e91fb,2025-01-07,556,64
10,55c480c0,2025-01-06,861,8
11,3e33bb0d,2025-01-03,675,31
12,b906355b,2025-01-07,766,93
13,694d6b2d,2025-01-04,249,95
14,1730f591,2025-01-08,277,4
15,085ed694,2025-01-01,216,23
16,865e7dbd,2025-01-07,843,83
17,bd4b7f57,2025-01-06,231,15
18,f13016e6,2025-01-08,246,26
19,ecfd6e96,2025-01-05,89,39
20,19c84fac,2025-01-04,820,81
21,c3876e8e,2025-01-04,93,49
22,c6bf2f45,2025-01-04,790,30
23,d0ed9278,2025-01-05,761,34
24,87ba9377,2025-01-09,953,63
25,5b7a1362,2025-01-09,56,43
26,16da405b,2025-01-06,405,57
27,a974844a,2025-01-04,442,34
28,5d893264,2025-01-01,964,39
29,d69daf06,2025-01-03,976,17
30,108ff368,2025-01-08,979,72
31,fd65d89e,2025-01-02,572,25
32,c6edec89,2025-01-08,70,47
33,26a14eb1,2025-01-05,730,98
34,a6c774d5,2025-01-03,958,27
35,232941da,2025-01-09,324,36
36,8c09f136,2025-01-07,452,14
37,f0df26b8,2025-01-03,921,71
38,81174eeb,2025-01-03,125,64
39,45574e40,2025-01-09,864,39
40,d334ced2,2025-01-02,597,9
41,d8ffd35e,2025-01-02,119,96
42,1cddef12,2025-01-07,658,97
43,b56b7f04,2025-01-05,172,93
44,81438a4f,2025-01-09,535,91
45,da875bb5,2025-01-02,954,2
46,41a23f2f,2025-01-03,188,62
47,5ec5bdb3,2025-01-07,939,45
48,bb7441b3,2025-01-05,152,14
49,90abb5b8,2025-01-04,591,51
50,dcc00b5a,2025-01-06,369,70
51,f5b82084,2025-01-08,964,99
52,11457c16,2025-01-07,133,63
53,3501fc2e,2025-01-08,463,39
54,54ba6dbb,2025-01-03,973,7
55,7362cea7,2025-01-01,105,37
56,82cbb45a,2025-01-03,240,57
57,646a7fab,2025-01-07,479,91
58,0f6f8f24,2025-01-03,873,17
59,cd3906e5,2025-01-07,188,86
60,06c1154b,2025-01-01,461,2
61,66ac310d,2025-01-05,366,55
62,9e577893,2025-01-07,752,100
63,6fc116ed,2025-01-07,87,8
64,f4e97e8f,2025-01-01,751,54
65,064b1ed6,2025-01-09,417,32
66,f22ab7ea,2025-01-02,863,52
67,bfbf00b3,2025-01-07,841,15
68,71c750f2,2025-01-09,224,71
69,8cc33c0f,2025-01-08,348,2
70,aa568ab8,2025-01-01,971,12
71,92710ec9,2025-01-09,968,48
72,ebe64a5c,2025-01-06,448,91
73,00feffc1,2025-01-01,422,52
74,f27ad99b,2025-01-07,525,59
75,98907a39,2025-01-06,696,11
76,d814e22b,2025-01-04,244,3
77,131c0ed6,2025-01-08,50,31
78,2223f984,2025-01-04,276,35
79,2fb9d2b7,2025-01-06,795,17
80,9c2993a5,2025-01-01,739,5
81,2810d13b,2025-01-02,815,43
82,00efd6e3,2025-01-04,191,17
83,12c65395,2025-01-05,598,41
84,bd3f4642,2025-01-01,109,67
85,41b8af47,2025-01-06,788,87
86,9827aabb,2025-01-03,67,20
87,64ec67b9,2025-01-08,478,13
88,51d146d6,2025-01-07,803,2
89,5c7bf8b2,2025-01-03,467,96
90,9426cc3d,2025-01-01,9,83
91,706b60bd,2025-01-04,784,97
92,1e7db805,2025-01-09,6,52
93,569eb841,2025-01-08,930,22
94,8c753799,2025-01-08,516,89
95,14576a8d,2025-01-04,980,43
96,b298a5e3,2025-01-04,478,42
97,41e527a5,2025-01-02,346,33
98,94e4a0d0,2025-01-06,896,1
99,7cf78022,2025-01-04,101,40
100,67e705c5,2025-01-05,736,71
101,893ad954,2025-01-03,22,100
102,73615cb0,2025-01-01,873,94
103,28841d36,2025-01-02,206,6
104,d5a94ec9,2025-01-09,517,90
105,c3be7c7f,2025-01-07,82,32
106,f15f32ad,2025-01-07,685,45
107,03b6c7d6,2025-01-07,322,80
108,dd47a4f3,2025-01-09,923,53
109,a9122183,2025-01-09,981,96
110,bf385d7f,2025-01-08,384,61
111,d6177696,2025-01-07,407,2
112,5dc0a018,2025-01-06,674,38
113,fbff3413,2025-01-02,465,33
114,134c383d,2025-01-03,805,14
115,2ec891c5,2025-01-05,778,7
116,dfec5c71,2025-01-02,722,91
117,65ec12a3,2025-01-02,850,40
118,6278bec2,2025-01-05,404,16
119,6bbc055e,2025-01-04,863,77
120,b757fd91,2025-01-08,435,89
121,34c0ce4e,2025-01-08,607,54
122,06bf6a55,2025-01-07,823,39
123,a9dd01f6,2025-01-07,49,88
124,aec8dc82,2025-01-05,257,96
125,4c7da849,2025-01-07,222,71
126,5eb11b35,2025-01-07,645,92
127,7e3e48a5,2025-01-02,535,60
128,99554c90,2025-01-05,803,10
129,259ba76c,2025-01-06,414,18
130,56f5aae2,2025-01-02,749,81
131,4f40afa6,2025-01-04,828,71
132,23c7c4b6,2025-01-09,326,16
133,538434a6,2025-01-05,339,24
134,c6423113,2025-01-08,481,51
135,24b3b4b2,2025-01-06,808,21
136,7e2b41d1,2025-01-04,876,96
137,75c1a8a4,2025-01-03,427,8
138,487a4215,2025-01-09,376,19
139,f171c70f,2025-01-05,72,9
140,aa2a692e,2025-01-06,184,26
141,7c9c7ed6,2025-01-09,67,77
142,2def7899,2025-01-07,698,86
143,057954bb,2025-01-05,887,62
144,c73bd624,2025-01-05,737,3
145,e0ce8f5d,2025-01-09,136,49
146,5a22e837,2025-01-08,366,63
147,66170f5e,2025-01-01,801,80
148,d40f057e,2025-01-01,604,63
149,4ca05720,2025-01-06,262,11
150,975398b0,2025-01-03,171,52
151,9aac85dc,2025-01-08,365,73
152,4dd7e214,2025-01-08,620,57
153,53b3a5b8,2025-01-04,260,12
154,b038241c,2025-01-07,606,64
155,d599719f,2025-01-07,882,49
156,61361792,2025-01-04,278,34
157,16b98ae2,2025-01-08,149,17
158,c1365a08,2025-01-01,751,1
159,29d9c725,2025-01-04,856,78
160,c6f61f4b,2025-01-07,712,57
161,358465bb,2025-01-04,935,52
162,a740ad80,2025-01-07,376,74
163,2eba2365,2025-01-05,30,51
164,3639e5d3,2025-01-09,543,85
165,3d260a55,2025-01-04,46,44
166,eb183a63,2025-01-01,54,24
167,f9052186,2025-01-04,661,16
168,92aebb8d,2025-01-01,679,84
169,e122489d,2025-01-02,430,96
170,b24d7122,2025-01-08,4,30
171,4c767238,2025-01-05,447,27
172,eb17d633,2025-01-04,75,56
173,f38bf738,2025-01-02,395,3
174,d8e15f32,2025-01-03,43,98
175,3bbd694f,2025-01-08,16,6
176,f6c0b39a,2025-01-06,101,94
177,321148f9,2025-01-04,360,93
178,dd7eeec5,2025-01-01,104,77
179,bf436751,2025-01-07,255,79
180,bbb5c9e0,2025-01-07,707,24
181,e37fc693,2025-01-07,478,55
182,c78d114e,2025-01-03,491,92
183,c049f168,2025-01-08,523,77
184,1fabd47d,2025-01-01,937,85
185,e8e8ce7b,2025-01-06,785,14
186,2321acbc,2025-01-02,825,73
187,8e508536,2025-01-08,797,22
188,7a9d42e0,2025-01-03,121,51
189,34b37b75,2025-01-05,784,75
190,56920151,2025-01-06,779,38
191,0d82c3c9,2025-01-05,358,46
192,381867d5,2025-01-02,425,64
193,29d1c4fd,2025-01-03,21,35
194,6f89d99c,2025-01-01,384,2
195,7478ef6e,2025-01-01,348,73
196,7c50c353,2025-01-08,978,53
197,7a0da266,2025-01-04,716,19
198,f3f8bc35,2025-01-07,267,39
199,3684d5b6,2025-01-04,83,57
200,12dc5ecc,2025-01-02,305,71
201,dfd35c8b,2025-01-09,415,50
202,7935c90b,2025-01-07,785,27
203,784416a2,2025-01-08,975,65
204,b4f951c6,2025-01-09,445,91
205,adb4c882,2025-01-07,858,93
206,bc2aa245,2025-01-05,872,46
207,22eba392,2025-01-05,568,87
208,d3281783,2025-01-02,792,77
209,b6904103,2025-01-01,867,51
210,479b9204,2025-01-05,608,16
211,d5958114,2025-01-09,854,69
212,ddda8383,2025-01-08,928,37
213,ad241265,2025-01-03,789,22
214,08873352,2025-01-09,657,45
215,b68e033b,2025-01-06,351,81
216,713df382,2025-01-03,762,17
217,8156436e,2025-01-08,831,86
218,ef6f2714,2025-01-09,904,50
219,83331edd,2025-01-01,960,13
220,9caa90b5,2025-01-06,438,73
221,4e0c8f06,2025-01-04,992,8
222,89be8c75,2025-01-03,890,94
223,0bcdc9e7,2025-01-07,300,74
224,e144cce8,2025-01-07,605,53
225,71519b9e,2025-01-05,810,5
226,856e915a,2025-01-02,859,79
227,abcdf57d,2025-01-04,54,11
228,ad7ab6c5,2025-01-01,600,35
229,24794f75,2025-01-01,290,29
230,90609256,2025-01-04,987,11
231,68f5f082,2025-01-02,501,75
232,1fc0f7fd,2025-01-06,959,79
233,6d9a3396,2025-01-01,983,41
234,aa1ee78e,2025-01-01,219,8
235,67feaa0c,2025-01-01,153,29
236,fb5d3cc6,2025-01-03,853,12
237,e313dea8,2025-01-06,596,33
238,b3d25be2,2025-01-01,805,11
239,f493f12d,2025-01-06,205,59
240,912fb744,2025-01-08,968,99
241,b78e12e1,2025-01-02,555,60
242,7cfd8ea2,2025-01-06,372,25
243,3b2061e7,2025-01-07,131,79
244,cf9a4be4,2025-01-03,787,60
245,3344c603,2025-01-05,186,42
246,4d785d5b,2025-01-05,496,90
247,03084ca3,2025-01-09,847,48
248,84e557bf,2025-01-01,465,26
249,642c8aa5,2025-01-05,887,63
250,3fd1ef71,2025-01-02,834,37
251,26aa46b7,2025-01-06,157,97
252,876c4910,2025-01-08,884,9
253,cb01b057,2025-01-09,752,40
254,ec02e5e2,2025-01-03,237,40
255,54740d6f,2025-01-05,303,18
256,d792cae0,2025-01-09,945,35
257,94e41ad9,2025-01-09,659,5
258,b3d52525,2025-01-06,217,78
259,9eb51d64,2025-01-01,526,16
260,ae309134,2025-01-09,125,40
261,c5801961,2025-01-03,476,32
262,300be645,2025-01-09,937,95
263,189593ed,2025-01-07,160,87
264,6539cc2a,2025-01-08,792,95
265,821a5d5f,2025-01-05,410,98
266,b221289b,2025-01-01,127,10
267,628c0d8b,2025-01-07,535,34
268,ffbfc191,2025-01-07,78,22
269,2aff4dff,2025-01-08,769,51
270,9311dd4f,2025-01-06,947,46
271,d22eb1a0,2025-01-04,10,6
272,fb077068,2025-01-09,38,93
273,c58dd680,2025-01-08,431,27
274,6a5f69fa,2025-01-01,845,25
275,d1612031,2025-01-06,981,39
276,097026a6,2025-01-05,740,40
277,ec618eea,2025-01-09,132,67
278,a4314a0d,2025-01-02,486,65
279,7cd3a892,2025-01-03,271,81
280,12042f3b,2025-01-05,334,30
281,b4646f3d,2025-01-06,807,85
282,80272a8c,2025-01-03,720,88
283,9329a50d,2025-01-03,18,26
284,b46cd440,2025-01-03,346,23
285,a9062645,2025-01-09,642,56
286,82200158,2025-01-02,910,18
287,4f79c162,2025-01-07,334,7
288,8b39bcc0,2025-01-01,932,90
289,7768cf46,2025-01-07,258,17
290,e3747cdc,2025-01-03,862,84
291,88e81208,2025-01-03,826,3
292,b3bde431,2025-01-01,729,60
293,b3d84e2d,2025-01-04,116,84
294,99d2ac5b,2025-01-09,613,80
295,eee7cb66,2025-01-02,465,11
296,fccfc765,2025-01-01,551,14
297,66f0dec7,2025-01-01,832,98
298,5502980f,2025-01-05,601,41
299,46e651fd,2025-01-08,871,39
300,8ed9c7d8,2025-01-04,591,58
301,6ca7e700,2025-01-07,936,46
302,e9e9dcd5,2025-01-09,975,60
303,31f3c283,2025-01-09,982,92
304,818e5065,2025-01-02,283,73
305,396bf5ea,2025-01-08,326,92
306,f9923c0b,2025-01-02,905,91
307,47e476c5,2025-01-07,102,99
308,4af48427,2025-01-04,862,45
309,8a6bbf14,2025-01-04,161,34
310,bd535565,2025-01-02,575,21
311,027c2722,2025-01-07,323,57
312,5b085296,2025-01-07,810,57
313,47c047b2,2025-01-05,929,73
314,c2fdbe77,2025-01-06,763,70
315,acce1b32,2025-01-04,503,27
316,4b533ff5,2025-01-04,885,46
317,5d759b30,2025-01-05,693,77
318,c32c27ba,2025-01-01,743,25
319,d566197c,2025-01-04,348,31
320,8b35547a,2025-01-09,217,17
321,dd1d21fe,2025-01-05,684,57
322,cdefe051,2025-01-07,54,50
323,af9785a1,2025-01-03,290,20
324,e5b86ff8,2025-01-06,93,65
325,1599104e,2025-01-09,255,2
326,42d252ba,2025-01-07,557,35
327,e4ab7c05,2025-01-01,449,73
328,16a9dcc0,2025-01-05,687,7
329,5fe503ff,2025-01-01,986,84
330,2a732684,2025-01-08,331,47
331,4cad1652,2025-01-09,273,65
332,e6f8741c,2025-01-01,287,57
333,4e10695c,2025-01-04,476,5
334,bcc8eb8e,2025-01-03,355,16
335,416a7fe4,2025-01-06,437,79
336,022e330e,2025-01-01,568,37
337,d62b725e,2025-01-03,982,60
338,9b3916bc,2025-01-01,25,27
339,bfdadd4c,2025-01-02,948,32
340,36d96998,2025-01-03,241,3
341,80f21e16,2025-01-01,28,95
342,9de91f7e,2025-01-05,82,50
343,6c5f30cf,2025-01-04,446,49
344,206eb3be,2025-01-04,442,40
345,b6aaa611,2025-01-09,283,14
346,fecb98b7,2025-01-04,212,23
347,a411854a,2025-01-08,854,73
348,31c6ab51,2025-01-08,741,67
349,9f157682,2025-01-05,263,85
350,e69776e1,2025-01-07,925,14
351,ec59ab48,2025-01-02,148,39
352,b4bb8fcb,2025-01-04,50,84
353,3f60b61b,2025-01-03,508,59
354,03aca9c9,2025-01-07,551,29
355,d27df214,2025-01-08,836,82
356,24c5bb7e,2025-01-08,476,9
357,f613a44b,2025-01-05,342,61
358,99d65de5,2025-01-01,442,89
359,34ec37dd,2025-01-02,503,34
360,1f4c49d9,2025-01-01,505,27
361,835df9d8,2025-01-01,75,81
362,88928661,2025-01-05,514,97
363,7a8791c3,2025-01-03,283,31
364,0594474d,2025-01-08,625,72
365,cec273e5,2025-01-05,760,97
366,171a9e06,2025-01-08,894,52
367,aea61625,2025-01-01,758,80
368,8d3567eb,2025-01-02,9,22
369,ddf658ac,2025-01-04,85,82
370,a6dc1a06,2025-01-07,715,34
371,b454ea30,2025-01-09,137,62
372,c09ef7f4,2025-01-06,955,20
373,9540b7b1,2025-01-04,978,39
374,eedd579a,2025-01-06,92,99
375,72dd0069,2025-01-07,650,22
376,faac5c62,2025-01-03,800,11
377,2eb85050,2025-01-01,128,15
378,1b831f55,2025-01-02,424,78
379,fee70fa9,2025-01-04,789,3
380,fa089238,2025-01-05,676,81
381,0b121eb6,2025-01-08,506,28
382,25f9c8a0,2025-01-09,744,36
383,f81aded1,2025-01-04,871,83
384,6bd4597e,2025-01-08,925,49
385,88392dd2,2025-01-02,775,92
386,33d86384,2025-01-04,133,1
387,eb189feb,2025-01-04,736,84
388,548fa937,2025-01-06,46,69
389,15a775b3,2025-01-06,460,34
390,e4461919,2025-01-01,586,18
391,44864774,2025-01-05,45,9
392,3e3c1e9c,2025-01-06,689,23
393,5f5cf06a,2025-01-03,56,4
394,41c1e147,2025-01-08,337,80
395,5759ab58,2025-01-05,261,70
396,7bc6fdbc,2025-01-03,27,2
397,9c3aec44,2025-01-09,584,47
398,fe054f86,2025-01-01,365,53
399,cd2855f3,2025-01-04,644,20
400,4e6162db,2025-01-03,782,14
401,4490b759,2025-01-05,744,56
402,fa6a32f2,2025-01-01,87,87
403,4e175c9d,2025-01-02,243,85
404,d096213d,2025-01-05,690,45
405,174c7c71,2025-01-01,141,67
406,1de160cb,2025-01-06,27,12
407,797db77f,2025-01-05,206,60
408,0889a295,2025-01-02,8,53
409,51e42919,2025-01-02,193,99
410,9f59e57c,2025-01-01,572,35
411,07066267,2025-01-07,636,2
412,b99423dd,2025-01-06,97,63
413,ef770b35,2025-01-08,916,4
414,548d2055,2025-01-04,549,8
415,450c5d51,2025-01-09,330,96
416,7c8faa83,2025-01-09,266,23
417,6c3bfa48,2025-01-04,275,89
418,e8c41be5,2025-01-05,39,68
419,cd1fb2b7,2025-01-03,931,24
420,ec81d8ba,2025-01-02,254,66
421,51b27a0e,2025-01-09,288,85
422,39306e8f,2025-01-08,404,94
423,7e62a83d,2025-01-02,35,74
424,04dfaf24,2025-01-07,12,44
425,92e36f86,2025-01-03,270,7
426,b6da6e80,2025-01-08,662,54
427,4cba0419,2025-01-08,580,27
428,b38f7fa3,2025-01-03,880,29
429,c6aa000e,2025-01-09,480,75
430,ab6b9cd8,2025-01-05,89,7
431,ae361c0a,2025-01-05,1,16
432,e12eb90a,2025-01-03,965,24
433,494dd142,2025-01-08,660,34
434,742aa539,2025-01-09,656,46
435,752a5104,2025-01-05,297,59
436,b9a9ea87,2025-01-07,361,16
437,77ed0f6d,2025-01-01,475,86
438,72d4bd9d,2025-01-06,796,28
439,48bff1a8,2025-01-03,265,97
440,12e8c7f1,2025-01-06,704,12
441,3b628831,2025-01-04,110,77
442,bda8a57d,2025-01-01,1000,23
443,c3bbfe08,2025-01-06,765,22
444,4a97c509,2025-01-02,733,29
445,d0ccd248,2025-01-03,460,6
446,3b512a80,2025-01-04,318,77
447,afa9dba3,2025-01-02,622,14
448,d6b3fd16,2025-01-05,757,66
449,7b01c58b,2025-01-02,852,29
450,d2fdc81d,2025-01-05,546,54
451,6929f8d9,2025-01-03,827,57
452,8f42aeba,2025-01-01,422,65
453,cc51190a,2025-01-02,475,27
454,ddb6a420,2025-01-02,816,70
455,f62fc8c3,2025-01-03,265,85
456,a4940f3e,2025-01-04,534,85
457,f7a70890,2025-01-05,103,97
458,3567e51e,2025-01-05,156,79
459,4d0f92b0,2025-01-04,119,45
460,3f7c7d08,2025-01-01,79,75
461,19ed9537,2025-01-01,77,28
462,8996fcdd,2025-01-07,956,10
463,2e43a6e3,2025-01-06,155,96
464,9ada6742,2025-01-05,664,44
465,90e0d615,2025-01-02,898,62
466,1309a237,2025-01-01,231,24
467,b37cb830,2025-01-05,566,98
468,1a2d47a4,2025-01-08,336,59
469,3cc5ad3f,2025-01-07,277,25
470,cb700dc6,2025-01-01,677,77
471,6a4f98d5,2025-01-05,811,2
472,30187a50,2025-01-09,301,46
473,42544c2a,2025-01-06,8,65
474,b01af90f,2025-01-02,42,86
475,308a35af,2025-01-09,646,3
476,7df0b35f,2025-01-01,311,26
477,ec08ef5f,2025-01-08,230,65
478,164bb612,2025-01-03,407,19
479,18083e15,2025-01-02,531,96
480,76a47260,2025-01-05,875,81
481,74f80d6b,2025-01-02,577,19
482,c830a01d,2025-01-04,288,77
483,2116f05a,2025-01-08,613,54
484,c120867f,2025-01-02,329,64
485,d60003ca,2025-01-05,119,24
486,c8fb1447,2025-01-08,962,34
487,93342f4c,2025-01-04,808,17
488,609d52d8,2025-01-03,806,82
489,a9b07a34,2025-01-05,95,26
490,fff56867,2025-01-05,248,64
491,b8d0f9c4,2025-01-03,404,57
492,fb178853,2025-01-02,246,3
493,4e1af18f,2025-01-02,588,6
494,26b70354,2025-01-07,55,23
495,e92c94e0,2025-01-09,40,76
496,06a838f6,2025-01-07,841,58
497,6b7df9cc,2025-01-07,917,90
498,98c0ca86,2025-01-04,150,66
499,6646fcc8,2025-01-09,574,88
500,1fba817c,2025-01-08,468,20
501,5c453d97,2025-01-08,516,58
502,560b2ae7,2025-01-08,755,53
503,a6d4fde8,2025-01-09,338,88
504,ecf293dc,2025-01-03,58,38
505,bd31d09d,2025-01-06,865,23
506,7a0342b8,2025-01-06,362,4
507,a2cef7de,2025-01-05,135,43
508,edd034ed,2025-01-05,711,57
509,6ff67638,2025-01-08,506,45
510,fe2fbe15,2025-01-07,218,6
511,f87d29af,2025-01-09,262,21
512,17967858,2025-01-07,773,57
513,0e534103,2025-01-08,333,82
514,64f6969b,2025-01-05,106,5
515,8a0e81e6,2025-01-07,957,6
516,33959d29,2025-01-01,63,58
517,a3710efc,2025-01-03,125,65
518,a5d36d7f,2025-01-02,661,7
519,19e83664,2025-01-06,764,98
520,920de59a,2025-01-05,332,64
521,e3444478,2025-01-02,378,94
522,108e7316,2025-01-09,623,75
523,6d9aaba9,2025-01-03,894,71
524,bcc0f028,2025-01-02,155,43
525,76382245,2025-01-02,669,29
526,8c8ac13e,2025-01-08,68,30
527,354ba2c7,2025-01-01,767,71
528,8542ae53,2025-01-06,124,25
529,475bf533,2025-01-03,24,40
530,5cced470,2025-01-04,73,26
531,015bf1c9,2025-01-03,120,61
532,17b13a96,2025-01-09,625,45
533,560c8d8c,2025-01-03,307,82
534,6cd1483f,2025-01-05,270,55
535,c2734b96,2025-01-07,926,88
536,9ecbcb89,2025-01-05,935,87
537,5273c0fb,2025-01-01,275,2
538,a2b73b5b,2025-01-07,755,60
539,9b91a9d2,2025-01-08,322,21
540,d8f58da0,2025-01-05,498,6
541,3b80ea5f,2025-01-06,607,96
542,93a19229,2025-01-02,323,56
543,7b67618d,2025-01-09,27,13
544,ef5b6354,2025-01-04,832,25
545,5830d797,2025-01-09,171,58
546,b008e598,2025-01-08,756,89
547,196812db,2025-01-02,169,5
548,c572c034,2025-01-02,404,73
549,7f81c610,2025-01-01,652,28
550,43cccf8e,2025-01-05,968,36
551,aac9c209,2025-01-09,556,9
552,d4daa5bd,2025-01-05,25,55
553,2dd77615,2025-01-08,203,55
554,05797a37,2025-01-03,469,71
555,a38f2eb9,2025-01-02,798,13
556,5f33131e,2025-01-03,205,19
557,3e298ad7,2025-01-03,169,48
558,f1abe1e3,2025-01-01,197,72
559,32039243,2025-01-07,314,27
560,67472957,2025-01-03,225,14
561,8d73071b,2025-01-01,976,76
562,e603fc6b,2025-01-05,652,12
563,30ebf99b,2025-01-02,209,98
564,69fa3e44,2025-01-05,875,93
565,2df90561,2025-01-05,855,90
566,6d05e232,2025-01-09,30,86
567,184b9789,2025-01-03,765,100
568,d5cd1a57,2025-01-05,94,44
569,cf80505b,2025-01-04,5,83
570,4b9dcfd6,2025-01-02,701,57
571,bf135b94,2025-01-07,173,59
572,1554fd31,2025-01-03,563,33
573,0670f513,2025-01-06,898,60
574,753d0ee8,2025-01-03,460,56
575,823fb597,2025-01-03,224,33
576,c1e3edba,2025-01-03,419,59
577,286b910e,2025-01-01,105,34
578,5bb08c28,2025-01-03,289,83
579,dd158949,2025-01-02,810,36
580,93bd7e87,2025-01-08,420,36
581,f32bddc0,2025-01-02,684,19
582,b42722dc,2025-01-02,965,85
583,f2925734,2025-01-04,296,36
584,72b1bacf,2025-01-09,302,20
585,129b69ae,2025-01-05,827,52
586,e877a581,2025-01-04,147,63
587,cbc040e9,2025-01-04,235,4
588,b4093a37,2025-01-06,956,12
589,28e8bdef,2025-01-05,717,17
590,9e4543af,2025-01-08,197,8
591,d486dfea,2025-01-05,379,54
592,ad2ce5ec,2025-01-08,411,77
593,409cff95,2025-01-04,392,61
594,ea0242b6,2025-01-04,898,68
595,8b0b3af8,2025-01-09,146,60
596,d96725fc,2025-01-03,725,20
597,a211cd7a,2025-01-09,678,42
598,55aa29e6,2025-01-08,599,43
599,2e38137b,2025-01-03,222,67
600,ed10c7a6,2025-01-04,914,22
601,c3f642de,2025-01-01,615,50
602,269774cd,2025-01-04,588,20
603,3c3139dd,2025-01-01,807,83
604,f3ddcc65,2025-01-02,159,64
605,95963224,2025-01-02,471,35
606,9d09e95d,2025-01-02,260,90
607,d6b309ad,2025-01-07,63,52
608,12da927d,2025-01-02,918,31
609,223b8fbc,2025-01-05,202,54
610,c5561be5,2025-01-06,919,65
611,e9211725,2025-01-06,937,57
612,1ae7ce24,2025-01-07,210,52
613,20dfe080,2025-01-01,64,60
614,a5a5365c,2025-01-02,549,56
615,96c1cb14,2025-01-05,163,68
616,c191d6b1,2025-01-06,254,7
617,98e6237e,2025-01-07,575,61
618,29d0e440,2025-01-01,122,34
619,64f564db,2025-01-04,201,27
620,dadb9716,2025-01-08,409,95
621,469cff94,2025-01-02,64,45
622,90cfb9de,2025-01-04,293,28
623,ec9fbb8d,2025-01-06,693,11
624,105d2c84,2025-01-03,656,11
625,6ae06856,2025-01-01,157,14
626,eb270a72,2025-01-01,219,66
627,a26f11e0,2025-01-07,273,65
628,9cbd9ca0,2025-01-08,578,8
629,5d5bfa8f,2025-01-04,333,42
630,5755f61a,2025-01-09,797,3
631,1a67277b,2025-01-05,875,81
632,62974719,2025-01-06,107,56
633,7170d679,2025-01-03,741,97
634,ac367b6f,2025-01-05,590,98
635,376b2c6f,2025-01-06,494,56
636,0f08e91a,2025-01-08,399,88
637,ad80e4f5,2025-01-09,298,25
638,83257b36,2025-01-01,457,72
639,3e6f3113,2025-01-09,655,61
640,e89145e6,2025-01-08,993,57
641,9c6a6afa,2025-01-02,968,1
642,7a37b38d,2025-01-02,447,98
643,0b293a13,2025-01-03,326,56
644,71aef130,2025-01-05,578,26
645,522a1794,2025-01-02,626,89
646,942b307a,2025-01-07,319,6
647,9f0268d6,2025-01-01,46,87
648,2e5ac025,2025-01-07,466,91
649,d5f72c98,2025-01-03,69,100
650,c4a5a77e,2025-01-05,130,85
651,64318d29,2025-01-06,98,10
652,c8b30f2a,2025-01-09,390,25
653,30c76383,2025-01-01,831,58
654,0b0f9d40,2025-01-08,465,54
655,45019441,2025-01-07,106,36
656,f958914b,2025-01-03,664,83
657,46e17faa,2025-01-01,573,50
658,63341389,2025-01-07,373,80
659,eedcdaee,2025-01-06,168,3
660,6a4fd76e,2025-01-04,944,96
661,7ec01140,2025-01-04,422,38
662,9a015662,2025-01-04,352,35
663,6b9137e4,2025-01-09,713,22
664,cdeac479,2025-01-09,403,25
665,887b2f9d,2025-01-06,811,1
666,581f33a8,2025-01-01,348,90
667,8dc9cb78,2025-01-06,487,86
668,5d569538,2025-01-01,499,64
669,c49b2392,2025-01-05,184,62
670,e61b242f,2025-01-05,100,9
671,ebc71020,2025-01-01,24,73
672,12964f2e,2025-01-06,555,23
673,163911d7,2025-01-02,683,79
674,0b8897e8,2025-01-05,23,21
675,cc1529fe,2025-01-09,302,64
676,4455c6b1,2025-01-05,907,46
677,5abb26fb,2025-01-09,506,88
678,b63ce2e7,2025-01-02,663,81
679,19e0053b,2025-01-04,785,22
680,96c2b103,2025-01-03,33,2
681,1f4f3936,2025-01-05,842,17
682,6de44e2b,2025-01-03,453,9
683,a255b726,2025-01-06,757,75
684,b2f44af2,2025-01-06,658,54
685,e6d9c5b0,2025-01-06,159,35
686,d7a88ccc,2025-01-04,828,75
687,b0de23b7,2025-01-08,578,14
688,889f2f2d,2025-01-09,137,44
689,a0f18757,2025-01-04,26,82
690,e70d67a0,2025-01-04,91,22
691,02ad3db4,2025-01-05,742,64
692,ee366940,2025-01-09,926,35
693,6287cf68,2025-01-09,138,52
694,fc44fe9b,2025-01-03,560,56
695,aff94f03,2025-01-09,880,39
696,675ce629,2025-01-01,493,34
697,70c04ccd,2025-01-03,442,4
698,4608256a,2025-01-05,423,69
699,c4448d1e,2025-01-01,343,59
700,ef977c15,2025-01-08,578,18
701,0b6adfd7,2025-01-05,752,78
702,6c9d1b39,2025-01-07,916,74
703,4d196d01,2025-01-09,667,32
704,dad89bfb,2025-01-05,440,78
705,eb48d5a7,2025-01-08,223,9
706,615e7e75,2025-01-09,377,81
707,8de87677,2025-01-02,487,97
708,721315b9,2025-01-04,601,84
709,3ba170c2,2025-01-05,553,8
710,f0ad5ade,2025-01-07,992,77
711,b5767f2b,2025-01-03,622,91
712,bf72fccd,2025-01-03,243,32
713,ac3204c8,2025-01-04,238,34
714,27a700bb,2025-01-03,731,52
715,56abb2ce,2025-01-05,532,77
716,da86220a,2025-01-04,623,67
717,a94f90c7,2025-01-07,202,39
718,d80feef5,2025-01-08,289,82
719,03e70965,2025-01-04,455,99
720,f2da9955,2025-01-01,766,78
721,b46df598,2025-01-05,606,81
722,db417bc9,2025-01-08,322,25
723,91b67175,2025-01-03,633,51
724,ccfd8d87,2025-01-08,944,66
725,bc9ba9c0,2025-01-03,836,74
726,9033046b,2025-01-05,531,98
727,6c4709e6,2025-01-01,687,72
728,49077515,2025-01-01,554,68
729,72b9d917,2025-01-08,73,79
730,c689e947,2025-01-02,753,5
731,102901e6,2025-01-09,392,85
732,8441865d,2025-01-09,455,11
733,554604e1,2025-01-01,677,70
734,ce2ea16b,2025-01-05,730,12
735,d48f3102,2025-01-04,432,31
736,4f60386f,2025-01-05,527,46
737,fb375a3b,2025-01-06,174,96
738,9937472d,2025-01-07,98,46
739,2a9f62f3,2025-01-09,677,49
740,3f65b363,2025-01-08,225,22
741,99983022,2025-01-04,9,71
742,57df938a,2025-01-08,84,8
743,26463c07,2025-01-02,482,88
744,8cdfc8c8,2025-01-02,570,18
745,be3a639c,2025-01-07,516,43
746,2ebe04ae,2025-01-06,354,22
747,3503b7d4,2025-01-09,618,81
748,15b3e5fd,2025-01-04,519,23
749,bb019861,2025-01-01,136,47
750,9ee7caef,2025-01-06,824,30
751,370bcc33,2025-01-08,151,45
752,3390a12f,2025-01-03,656,26
753,0439d865,2025-01-03,747,68
754,91bac364,2025-01-03,125,63
755,00a192a3,2025-01-03,266,14
756,481b1b96,2025-01-06,240,24
757,0fddad8f,2025-01-08,164,5
758,7ef3d253,2025-01-03,337,96
759,6e023771,2025-01-08,977,71
760,41202553,2025-01-05,598,82
761,5335b441,2025-01-05,463,37
762,d4e16c8c,2025-01-01,886,76
763,2caeae12,2025-01-05,265,12
764,fa0dbed7,2025-01-03,418,43
765,c671a6a5,2025-01-04,85,60
766,e7d17f60,2025-01-05,677,24
767,78390bda,2025-01-01,480,67
768,8c2979de,2025-01-09,529,40
769,28729ee7,2025-01-09,648,48
770,7092752f,2025-01-08,603,11
771,bad6a0f6,2025-01-03,664,37
772,8c2decb8,2025-01-08,225,40
773,f77b5015,2025-01-05,2,25
774,2fa689c7,2025-01-02,741,66
775,040e12ee,2025-01-06,2,38
776,03c6f9ab,2025-01-07,531,85
777,d6cdc45a,2025-01-03,238,91
778,db6f700d,2025-01-05,521,41
779,f906e601,2025-01-08,28,82
780,bbeaafa3,2025-01-04,208,80
781,8edf67cc,2025-01-08,421,97
782,97874e43,2025-01-07,394,16
783,2b335d86,2025-01-01,127,29
784,aeb9c997,2025-01-01,860,41
785,fb2634a2,2025-01-08,21,69
786,f7444ca1,2025-01-04,869,32
787,a3ca19e2,2025-01-02,604,45
788,06bcf024,2025-01-07,616,31
789,7d8a94fe,2025-01-09,35,25
790,7b679e56,2025-01-03,78,98
791,6038391f,2025-01-07,565,59
792,6d100ee5,2025-01-08,398,41
793,7f666c31,2025-01-07,560,63
794,91d01d6a,2025-01-07,642,97
795,602cbed4,2025-01-06,943,14
796,5a234f9d,2025-01-06,592,32
797,09ed3d80,2025-01-01,872,15
798,7ce8e02e,2025-01-04,313,46
799,7d4f7046,2025-01-04,97,3
800,1c4d6557,2025-01-04,398,99
801,723e5a1f,2025-01-01,688,78
802,85b7b666,2025-01-06,149,22
803,cd15c689,2025-01-01,71,16
804,1602fb10,2025-01-02,6,16
805,1622bb4a,2025-01-03,28,56
806,8d95ea28,2025-01-02,861,91
807,25f67c75,2025-01-05,284,80
808,a9b36cbd,2025-01-04,947,10
809,f6604e1b,2025-01-01,60,43
810,b53f9cfb,2025-01-09,803,65
811,3fa1bc86,2025-01-06,304,64
812,fb64dad2,2025-01-09,734,62
813,36504c1f,2025-01-03,283,99
814,d9de1e35,2025-01-01,924,74
815,ea966ffa,2025-01-04,659,15
816,a1724709,2025-01-03,483,67
817,6dd8c54b,2025-01-01,893,93
818,f6320ed2,2025-01-01,769,33
819,84c2c2ce,2025-01-05,162,72
820,ed9ec2cc,2025-01-03,71,14
821,a9c58736,2025-01-08,416,87
822,975ad522,2025-01-06,948,23
823,3c5f8321,2025-01-07,236,69
824,05b7d359,2025-01-06,326,71
825,0bc3a3d3,2025-01-09,351,6
826,99a8717f,2025-01-08,442,39
827,62a794d4,2025-01-01,850,3
828,7b00fb2c,2025-01-03,31,25
829,f314ef22,2025-01-08,889,40
830,c1c62d1d,2025-01-07,603,17
831,07808e8f,2025-01-06,115,98
832,a53db1c2,2025-01-05,564,47
833,220c9b15,2025-01-02,196,88
834,de2a7b46,2025-01-04,349,51
835,f2f50720,2025-01-08,562,56
836,5b05627d,2025-01-09,563,52
837,1450048b,2025-01-02,898,81
838,f982a39e,2025-01-02,929,27
839,402dd079,2025-01-02,129,11
840,9d596553,2025-01-01,192,36
841,639a06bb,2025-01-09,152,96
842,ff07f59a,2025-01-07,56,73
843,c9842855,2025-01-07,681,41
844,66e6396f,2025-01-05,754,16
845,122228af,2025-01-08,382,64
846,dc81a489,2025-01-04,895,38
847,16d99f24,2025-01-05,163,33
848,33e4dda4,2025-01-07,285,57
849,38017aa2,2025-01-07,174,44
850,58fe849b,2025-01-04,503,92
851,50245129,2025-01-08,393,84
852,5e98a071,2025-01-09,685,24
853,c45b4f89,2025-01-07,294,9
854,4cbfe8e5,2025-01-09,823,47
855,846a46ef,2025-01-02,766,23
856,19d77034,2025-01-03,861,71
857,39379616,2025-01-03,579,33
858,60d0b381,2025-01-03,965,13
859,997b2c3e,2025-01-03,572,58
860,0944c86d,2025-01-04,192,47
861,fbc4420c,2025-01-07,384,9
862,4e1bf133,2025-01-03,51,91
863,9ed6809e,2025-01-02,844,74
864,b86fb300,2025-01-09,977,2
865,9c5ee00c,2025-01-02,537,59
866,3a3822cf,2025-01-04,8,11
867,70d39b75,2025-01-06,277,89
868,84ef8d63,2025-01-02,779,98
869,5826988d,2025-01-06,65,10
870,ff08644e,2025-01-06,874,71
871,47185491,2025-01-01,206,18
872,12f36ac9,2025-01-09,858,8
873,b6b02c46,2025-01-08,701,59
874,c6707889,2025-01-09,630,86
875,7d403351,2025-01-03,644,1
876,753ebaf9,2025-01-06,311,10
877,541a50ff,2025-01-09,5,75
878,424bfd57,2025-01-03,833,8
879,98c094b8,2025-01-03,236,3
880,16463f76,2025-01-07,652,81
881,23e78295,2025-01-07,472,86
882,be2bea17,2025-01-04,252,67
883,41b72522,2025-01-08,912,42
884,c729f143,2025-01-05,69,47
885,e8159250,2025-01-03,380,82
886,ac76f033,2025-01-06,41,52
887,43b7303e,2025-01-08,512,90
888,7a7ff773,2025-01-06,63,60
889,d46600fa,2025-01-08,741,36
890,bd476347,2025-01-05,230,77
891,6d3f6538,2025-01-05,734,33
892,37b8ff6b,2025-01-03,325,39
893,e11711f4,2025-01-06,96,23
894,b23a0dfb,2025-01-09,367,21
895,84ea4981,2025-01-01,764,39
896,ab30bbfb,2025-01-06,403,45
897,46b81310,2025-01-09,540,15
898,e8a1618a,2025-01-04,982,9
899,c619afe6,2025-01-04,914,28
900,766b2e08,2025-01-08,365,99
901,503d2f37,2025-01-07,851,36
902,77ff6f19,2025-01-03,489,78
903,07f86ad4,2025-01-08,927,68
904,17475176,2025-01-03,472,72
905,7a532c5a,2025-01-01,952,99
906,d3a7c8ad,2025-01-03,5,4
907,6b0edba0,2025-01-07,258,9
908,ab26f4c1,2025-01-02,80,4
909,6c7075d1,2025-01-05,91,42
910,70b2666c,2025-01-07,391,10
911,42707bf5,2025-01-07,422,86
912,54063465,2025-01-03,798,14
913,45bcd83b,2025-01-06,96,42
914,2a953a01,2025-01-07,817,6
915,4aacdac8,2025-01-04,318,19
916,be432662,2025-01-07,243,32
917,eac77427,2025-01-09,581,9
918,052d33a4,2025-01-01,196,29
919,37321217,2025-01-01,313,33
920,8b3757c8,2025-01-01,508,84
921,3b52541d,2025-01-08,230,31
922,ba4a15f5,2025-01-09,216,75
923,0ae78752,2025-01-02,568,93
924,13fda0a6,2025-01-07,264,81
925,65fa9007,2025-01-05,331,71
926,48512e0c,2025-01-06,760,98
927,d13de20b,2025-01-06,588,78
928,cc29b678,2025-01-07,719,30
929,fa8431af,2025-01-03,306,10
930,41d66de4,2025-01-03,43,65
931,a99efb08,2025-01-06,298,75
932,96974ed9,2025-01-09,579,67
933,2acd8f5b,2025-01-05,820,42
934,34ab9d79,2025-01-06,127,49
935,7bc37b6e,2025-01-08,942,32
936,2519f066,2025-01-05,191,46
937,bb71ab5f,2025-01-07,120,11
938,856a9caf,2025-01-03,792,72
939,6055d5d5,2025-01-05,457,16
940,24619921,2025-01-09,110,8
941,fe40e27e,2025-01-01,868,37
942,be5a0b73,2025-01-08,150,19
943,afdf2512,2025-01-01,759,27
944,fe70af49,2025-01-01,806,54
945,4955b7fb,2025-01-07,607,55
946,735996ce,2025-01-02,269,21
947,c6ba61e5,2025-01-02,532,99
948,50ba6d7b,2025-01-04,955,19
949,67d39316,2025-01-05,112,55
950,962ce3cc,2025-01-02,696,54
951,88d0323f,2025-01-01,561,73
952,7ca99bd9,2025-01-02,378,7
953,dc7a6f4d,2025-01-05,907,82
954,a6bbc8bd,2025-01-05,13,54
955,07d4b0d7,2025-01-08,748,49
956,83a2dac3,2025-01-08,518,13
957,d67ac683,2025-01-01,707,90
958,2c38a227,2025-01-06,600,48
959,5af80a47,2025-01-03,352,55
960,cea2acd3,2025-01-06,512,29
961,52ba9897,2025-01-02,346,58
962,c79461b9,2025-01-03,87,89
963,c864363f,2025-01-04,577,66
964,a7171b3b,2025-01-08,45,4
965,fdab2b98,2025-01-09,602,16
966,2a0dc437,2025-01-01,315,5
967,49e3add5,2025-01-03,66,30
968,d5f944df,2025-01-01,769,63
969,c5664513,2025-01-02,249,37
970,cee228e7,2025-01-07,767,26
971,bed29789,2025-01-09,563,6
972,143d715e,2025-01-05,113,67
973,8e6939f8,2025-01-01,159,36
974,19040d5f,2025-01-07,189,54
975,78089144,2025-01-08,171,61
976,9b79f0e4,2025-01-07,914,89
977,d99c31cf,2025-01-03,90,52
978,ba96d7c0,2025-01-04,706,5
979,136f4bb5,2025-01-09,492,59
980,b5439c83,2025-01-04,877,52
981,19e75b97,2025-01-09,395,62
982,c7fc71d8,2025-01-03,664,72
983,14204116,2025-01-01,796,94
984,7cab2ef2,2025-01-08,607,22
985,5254b906,2025-01-03,248,47
986,198be8be,2025-01-07,801,65
987,4d442125,2025-01-05,171,90
988,fdc66679,2025-01-05,548,73
989,71bfee57,2025-01-05,445,35
990,2a4635f5,2025-01-04,848,43
991,7311c895,2025-01-06,899,71
992,4bd02d4c,2025-01-07,715,20
993,52775eba,2025-01-01,770,56
994,13a536dd,2025-01-03,762,1
995,9efe7c6b,2025-01-06,661,5
996,d76cb21a,2025-01-05,400,82
997,4f199085,2025-01-03,518,78
998,dca91936,2025-01-01,720,62
999,bdb0d4a5,2025-01-09,212,72
1000,5a52eea1,2025-01-09,65,79
